Workbook

Sheet Judicatory Coverage WI
A1: Contact | B1: Judicary//Counties--> | C1: ALL | D1: Adams | E1: Ashland | F1: Barron | G1: Bayfield | H1: Brown | I1: Buffalo | J1: Burnett | K1: Calumet | L1: Chippewa | M1: Clark | N1: Crawford | O1: Columbia | P1: Dane | Q1: Dodge | R1: Door | S1: Douglas | T1: Dunn | U1: Eau Claire | V1: Florence | W1: Fond du Lac | X1: Forest | Y1: Grant | Z1: Green | AA1: Green Lake | AB1: Iowa | AC1: Iron | AD1: Jackson | AE1: Jefferson | AF1: Juneau | AG1: Kenosha | AH1: Kewaunee | AI1: La Crosse | AJ1: Lafayette | AK1: Langlade | AL1: Lincoln | AM1: Manitowoc | AN1: Marathon | AO1: Marinette | AP1: Marquette | AQ1: Menominee | AR1: Milwaukee | AS1: Monroe | AT1: Oconto | AU1: Oneida | AV1: Outagamie | AW1: Ozaukee | AX1: Pepin | AY1: Pierce | AZ1: Polk | BA1: Portage | BB1: Price | BC1: Racine | BD1: Richland | BE1: Rock | BF1: Rusk | BG1: Sauk | BH1: Sawyer | BI1: Shawano | BJ1: Sheboygan | BK1: St. Croix | BL1: Taylor | BM1: Trempealeau | BN1: Vernon | BO1: Vilas | BP1: Walworth | BQ1: Washburn | BR1: Washington | BS1: Waukesha | BT1: Waupaca | BU1: Waushara | BV1: Winnebago | BW1: Wood | BX1: Counties Covered
A2: Presiding Elder James Miller | B2: African Methodist Episcopal Church, 4th District | C2: ALL | N2: x | O2: x | P2: x | Q2: x | Y2: x | Z2: x | AB2: x | AE2: x | AG2: x | AJ2: x | AR2: x | AW2: x | BC2: x | BD2: x | BE2: x | BG2: x | BJ2: x | BP2: x | BR2: x | BX2: =COUNTA(D2:BW2) -> 19
A3: Rev. Mindi Welton-Mitchell | B3: American Baptist Churches of Wisconsin | C3: ALL | N3: x | O3: x | P3: x | Q3: x | Y3: x | Z3: x | AB3: x | AE3: x | AG3: x | AJ3: x | AR3: x | AW3: x | BC3: x | BD3: x | BE3: x | BG3: x | BJ3: x | BP3: x | BR3: x | BX3: =COUNTA(D3:BW3) -> 19
A4: Father Yeprem Kelegian | B4: Armenian Orthodox Church, Eastern Diocese | C4: ALL | Z4: x | AR4: x | BC4: x | BX4: =COUNTA(D4:BW4) -> 3
A5: Rev. Eli Rolon-Jeong | B5: Christian Church (Disciples of Christ) in Illinois and Wisconsin | C5: ALL | AR5: x | BX5: =COUNTA(D5:BW5) -> 1
A6: Elder Tiggs Washington | B6: Christian Methodist Episcopal Church, Third Episcopal District | C6: ALL | AR6: x | BE6: x | BX6: =COUNTA(D6:BW6) -> 2
A7: Mr. Brett Seamons | B7: Church of Jesus Christ of Latter-Day Saints | C7: ALL
A8: Rev. Walt Wiltshek | B8: Church of the Brethren, Illinois and Wisconsin District | C8: ALL | P8: x | BX8: =COUNTA(D8:BW8) -> 1
A9: Bishop Darrell Hines, Sr. | B9: COGIC, Wisconsin First Jurisdiction | C9: PR | P9: x | Z9: x | AR9: x | BX9: =COUNTA(D9:BW9) -> 3
A10: Bishop CH McClelland | B10: COGIC, Wisconsin Northwest Jurisdiction | C10: PR | AR10: x | BX10: =COUNTA(D10:BW10) -> 1
A11: incomplete | B11: COGIC, Wisconsin Third Jurisdiction | C11: PR | BX11: =COUNTA(D11:BW11) -> 0
A12: Mr. Matt Davisdon | B12: Community of Christ Headwaters Mission Center | N12: x | P12: x | Y12: x | AR12: x | AX12: x | BE12: x
A13: Fr. Gergis (msn)/ Fr. Awadalla (mke) | B13: Coptic Orthodox Church | C13: ALL | P13: x | AR13: x | BX13: =COUNTA(D13:BW13) -> 2
A14: Rev. Mimi Maki | B14: Ecumenical Catholic Communion | BV14: x | BX14: =COUNTA(D14:BW14) -> 1
A15: Bishop Anne Edison Albright | B15: ELCA East-Central Synod | H15: x | K15: x | R15: x | W15: x | AA15: x | AH15: x | AK15: x | AL15: x | AM15: x | AN15: x | AP15: x | AQ15: x | AT15: x | BA15: x | BI15: x | BT15: x | BU15: x | BV15: x | BW15: x | BX15: =COUNTA(D15:BW15) -> 19
A16: Bishop Paul Erickson | B16: ELCA Greater Milwaukee Synod | AE16: x | AG16: x | AR16: x | AW16: x | BC16: x | BJ16: x | BR16: x | BS16: x | BX16: =COUNTA(D16:BW16) -> 8
A17: Bishop Felix Malpica | B17: ELCA LaCrosse Area Synod | D17: x | I17: x | N17: x | AG17: x | AI17: x | BM17: x | BN17: x | BX17: =COUNTA(D17:BW17) -> 7
A18: Bishop Katherine Finegan | B18: ELCA Northern Great Lakes Synod | BX18: =COUNTA(D18:BW18) -> 0
A19: Bishop Martin Halom | B19: ELCA Northwest Synod | E19: x | F19: x | G19: x | I19: x | J19: x | L19: x | M19: x | S19: x | T19: x | AD19: x | AN19: x | AX19: x | BB19: x | BF19: x | BK19: x | BL19: x | BM19: x | BR19: x | BW19: x | BX19: =COUNTA(D19:BW19) -> 19
A20: Bishop Joy Mortensen-Weibe | B20: ELCA South-Central Synod | O20: x | P20: x | Q20: x | Y20: x | Z20: x | AB20: x | AE20: x | AJ20: x | BD20: x | BE20: x | BG20: x | BP20: x | BX20: =COUNTA(D20:BW20) -> 12
A21: Father Cyprian Sas | B21: Greek Orthodox Church, Diocese of Chicago | N21: x | O21: x | P21: x | Q21: x | Y21: x | Z21: x | AB21: x | AE21: x | AG21: x | AJ21: x | AR21: x | AW21: x | BC21: x | BD21: x | BE21: x | BG21: x | BP21: x | BR21: x | BX21: =COUNTA(D21:BW21) -> 18
A22: Sr. Leader Adam Clausen | B22: Life Center Madison | P22: x | BX22: =COUNTA(D22:BW22) -> 1
A23: Rev. Valerie Showalter at MMC | B23: Mennonite Church USA, Central District Conference | C23: ALL | N23: x | O23: x | P23: x | Q23: x | Y23: x | Z23: x | AB23: x | AE23: x | AG23: x | AJ23: x | AR23: x | AW23: x | BC23: x | BD23: x | BE23: x | BG23: x | BJ23: x | BP23: x | BR23: x | BX23: =COUNTA(D23:BW23) -> 19
A24: Lay Led | B24: Metropolitan Community Churches | C24: ALL | Z24: x | AR24: x | AV24: x | BR24: x | BX24: =COUNTA(D24:BW24) -> 4
A25: Jason Andersen | B25: Moravian Church, Western District | C25: ALL | N25: x | O25: x | P25: x | Q25: x | Y25: x | Z25: x | AB25: x | AE25: x | AG25: x | AJ25: x | AR25: x | AW25: x | BC25: x | BD25: x | BE25: x | BG25: x | BJ25: x | BP25: x | BR25: x | BX25: =COUNTA(D25:BW25) -> 19
A26: Fr. Elijah Mueller | B26: Orthodox Church in America, Diocese of the Midwest | C26: ALL | N26: x | O26: x | P26: x | Q26: x | Y26: x | Z26: x | AB26: x | AE26: x | AG26: x | AJ26: x | AR26: x | AW26: x | BC26: x | BD26: x | BE26: x | BG26: x | BJ26: x | BP26: x | BR26: x | BX26: =COUNTA(D26:BW26) -> 19
A27: Rev. Jeff Japinga | B27: PC(USA), John Knox Presbytery | D27: x | I27: x | N27: x | O27: x | P27: x | Y27: x | Z27: x | AB27: x | AD27: x | AF27: x | AI27: x | AJ27: x | AP27: x | AS27: x | BD27: x | BG27: x | BM27: x | BN27: x | BX27: =COUNTA(D27:BW27) -> 18
A28: Rev. Christian Boyd | B28: PC(USA), Milwaukee Presbytery | Q28: x | AE28: x | AG28: x | AR28: x | AW28: x | BC28: x | BE28: x | BJ28: x | BP28: x | BR28: x | BS28: x | BX28: =COUNTA(D28:BW28) -> 11
A29: Rev. Devon Borden Reynolds | B29: PC(USA), Northern Waters Presbytery | E29: x | F29: x | G29: x | J29: x | L29: x | M29: x | S29: x | T29: x | U29: x | AC29: x | AX29: x | AY29: x | AZ29: x | BB29: x | BF29: x | BH29: x | BK29: x | BL29: x | BO29: x | BQ29: x | BX29: =COUNTA(D29:BW29) -> 20
A30: Rev. Dave Colby | B30: PC(USA), Winnebago Presbytery | H30: x | K30: x | R30: x | V30: x | W30: x | X30: x | AA30: x | AH30: x | AK30: x | AL30: x | AM30: x | AN30: x | AO30: x | AQ30: x | AT30: x | AU30: x | AV30: x | BA30: x | BI30: x | BT30: x | BU30: x | BV30: x | BW30: x | BX30: =COUNTA(D30:BW30) -> 23
A31: Archbishop Grob | B31: Roman Catholic Archdiocese of Milwaukee | Q31: x | W31: x | AG31: x | AR31: x | AW31: x | BC31: x | BJ31: x | BP31: x | BR31: x | BS31: x | BX31: =COUNTA(D31:BW31) -> 10
A32: Bishop Ricken | B32: Roman Catholic Diocese of Green Bay | H32: x | K32: x | R32: x | V32: x | X32: x | AH32: x | AK32: x | AM32: x | AO32: x | AQ32: x | AT32: x | AV32: x | BI32: x | BT32: x | BU32: x | BV32: x
A33: Bishop Battersby | B33: Roman Catholic Diocese of LaCrosse | D33: x | I33: x | L33: x | M33: x | N33: x | T33: x | U33: x | AD33: x | AF33: x | AI33: x | AN33: x | AS33: x | AX33: x | AY33: x | BA33: x | BD33: x | BM33: x | BN33: x | BW33: x
A34: Bishop Matthew Gunter | B34: The Episcopal Diocese of Wisconsin | C34: ALL | BX34: =COUNTA(D34:BW34) -> 0
A35: Rev. Jane Anderson | B35: UCC-WI, Eastern Region | H35: x | K35: x | Q35: x | R35: x | W35: x | AA35: x | AH35: x | AM35: x | AO35: x | AQ35: x | AR35: x | AT35: x | AV35: x | AW35: x | BI35: x | BJ35: x | BR35: x | BS35: x | BT35: x | BU35: x | BV35: x | BX35: =COUNTA(D35:BW35) -> 21
A36: vacant | B36: UCC-WI, Northern Region | E36: x | F36: x | G36: x | I36: x | J36: x | L36: x | M36: x | S36: x | T36: x | U36: x | V36: x | X36: x | AC36: x | AD36: x | AI36: x | AK36: x | AL36: x | AN36: x | AS36: x | AU36: x | AX36: x | AY36: x | AZ36: x | BA36: x | BB36: x | BF36: x | BH36: x | BK36: x | BL36: x | BM36: x | BO36: x | BQ36: x | BU36: x | BW36: x | BX36: =COUNTA(D36:BW36) -> 34
A37: Rev. Rachel Bauman | B37: UCC-WI, Southern Region | D37: x | N37: x | O37: x | P37: x | Q37: x | Y37: x | Z37: x | AB37: x | AE37: x | AF37: x | AG37: x | AJ37: x | AP37: x | BC37: x | BD37: x | BE37: x | BG37: x | BN37: x | BP37: x | BR37: x | BS37: x | BX37: =COUNTA(D37:BW37) -> 21
A38: Rev. M. Park Hunter | B38: UMC - WI, North East District | H38: x | K38: x | R38: x | V38: x | X38: x | AH38: x | AK38: x | AL38: x | AM38: x | AN38: x | AO38: x | AQ38: x | AT38: x | AU38: x | AV38: x | BA38: x | BI38: x | BJ38: x | BO38: x | BT38: x | BU38: x | BV38: x | BW38: x | BX38: =COUNTA(D38:BW38) -> 23
A39: Rev. PyungAhn "Peace" Kim | B39: UMC - WI, North West District | E39: x | F39: x | G39: x | I39: x | J39: x | L39: x | M39: x | S39: x | T39: x | U39: x | AC39: x | AD39: x | AI39: x | AX39: x | AY39: x | AZ39: x | BB39: x | BF39: x | BH39: x | BK39: x | BL39: x | BM39: x | BQ39: x | BX39: =COUNTA(D39:BW39) -> 23
A40: Rev. Amanda Stein | B40: UMC - WI, South East District | Q40: x | W40: x | AA40: x | AE40: x | AG40: x | AR40: x | AW40: x | BC40: x | BP40: x | BR40: x | BS40: x | BX40: =COUNTA(D40:BW40) -> 11
A41: Rev. In Sun Lee | B41: UMC - WI, South West District | D41: x | N41: x | O41: x | P41: x | Y41: x | Z41: x | AB41: x | AF41: x | AJ41: x | AP41: x | AS41: x | BD41: x | BE41: x | BG41: x | BN41: x | BX41: =COUNTA(D41:BW41) -> 15

Sheet Data Collection
A1: Churches
A2: Counties | B2: Churches that are located in:
A3: Adams | B3: UCC, ELCA LaCrosse Area Synod
A4: Ashland | B4: EUCC, Evangelical Lutheran Church in America, Northwest Synod
A5: Barron | B5: UCC, Northern Waters Presbytery,ELCA Northwest Synod
A6: Bayfield | B6: UCC.ELCA Northwest Synod
A7: Brown | B7: RC Diocese of Green Bay, UCC, ELCA East-Central Synod, Winnebago Presbytery
A8: Buffalo | B8: ELCA LaCrosse , ELCA Northwest Synod
A9: Burnette | B9: UCC,ELCA Northwest Synod
A10: Calumet | B10: UCC, ELCA East-Central Synod
A11: Chippewa | B11: UCC, Northern Waters Presbytery, UCC, ELCA Northwest Synod
A12: Clark | B12: UCC, ELCA Northwest Synod
A13: Columbia | B13: UCC, Reformed Church in America, Synod of Mid-America
... A75: Wood | B75: UCC, ELCA Northwest Synod, ELCA East-Central Synod

Sheet Dashboard
B2: Wisconsin Judicatory Outreach Coordination Tool
B4: Leadership Guide's Guide: Identifying Overlapping Jurisdictions & Key Contacts
B6: =COUNTA(Data!A2:A61) -> 41 | D6: 72 | F6: 72 | H6: 346+
B7: Total Judicatories | D7: Counties with Overlap | F7: WI Counties Tracked | H7: Overlap Pairs
B9: Top 15 Counties by Judicatories Present | F9: Judicatory Summary — Auto-updates from DATA tab
B10: County | C10: # Judicatories | D10: Coverage Level | F10: Judicatory | G10: Contact | H10: ALL? | I10: Counties #
B11: Milwaukee | C11: 19 | D11: ★★★ Very High | F11: =Data!A36 -> UCC-WI, Northern Region | G11: =Data!B36 -> vacant | H11: =Data!C36 -> — | I11: =Data!D36 -> 34
B12: Dane | C12: 15 | D12: ★★★ Very High | F12: =Data!A30 -> PC(USA), Winnebago Presbytery | G12: =Data!B30 -> Rev. Dave Colby | H12: =Data!C30 -> — | I12: =Data!D30 -> 23
B13: Green | C13: 13 | D13: ★★★ High | F13: =Data!A38 -> UMC - WI, North East District | G13: =Data!B38 -> Rev. M. Park Hunter | H13: =Data!C38 -> — | I13: =Data!D38 -> 23
B14: Washington | C14: 13 | D14: ★★★ High | F14: =Data!A38 -> UMC - WI, North East District | G14: =Data!B38 -> Rev. M. Park Hunter | H14: =Data!C38 -> — | I14: =Data!D38 -> 23
B15: Crawford | C15: 12 | D15: ★★★ High | F15: =Data!A35 -> UCC-WI, Eastern Region | G15: =Data!B35 -> Rev. Jane Anderson | H15: =Data!C35 -> — | I15: =Data!D35 -> 21
B16: Dodge | C16: 12 | D16: ★★★ High | F16: =Data!A37 -> UCC-WI, Southern Region | G16: =Data!B37 -> Rev. Rachel Bauman | H16: =Data!C37 -> — | I16: =Data!D37 -> 21
B17: Racine | C17: 12 | D17: ★★★ High | F17: =Data!A29 -> PC(USA), Northern Waters Presbytery | G17: =Data!B29 -> Rev. Richard Blood | H17: =Data!C29 -> — | I17: =Data!D29 -> 20
B18: Rock | C18: 12 | D18: ★★★ High | F18: =Data!A2 -> African Methodist Episcopal Church, 4th District | G18: =Data!B2 -> Presiding Elder James Miller | H18: =Data!C2 -> ALL | I18: =Data!D2 -> 19
B19: Grant | C19: 11 | D19: ★★★ High | F19: =Data!A3 -> American Baptist Churches of Wisconsin | G19: =Data!B3 -> Rev. Mindi Welton-Mitchell | H19: =Data!C3 -> ALL | I19: =Data!D3 -> 19
B20: Kenosha | C20: 11 | D20: ★★★ High | F20: =Data!A15 -> ELCA East-Central Synod | G20: =Data!B15 -> Bishop Anne Edison Albright | H20: =Data!C15 -> — | I20: =Data!D15 -> 19
B21: Ozaukee | C21: 11 | D21: ★★★ High | F21: =Data!A19 -> ELCA Northwest Synod | G21: =Data!B19 -> Bishop Martin Halom | H21: =Data!C19 -> — | I21: =Data!D19 -> 19
B22: Richland | C22: 11 | D22: ★★★ High | F22: =Data!A23 -> Mennonite Church USA, Central District Conference | G22: =Data!B23 -> Rev. Valerie Showalter at MMC | H22: =Data!C23 -> — | I22: =Data!D23 -> 2
B23: Walworth | C23: 11 | D23: ★★★ High | F23: =Data!A25 -> Moravian Church, Western District | G23: =Data!B25 -> Jason Andersen | H23: =Data!C25 -> ALL | I23: =Data!D25 -> 19
B24: Columbia | C24: 10 | D24: ★★★ High | F24: =Data!A26 -> Orthodox Church in America, Diocese of the Midwest | G24: =Data!B26 -> Fr. Elijah Mueller | H24: =Data!C26 -> ALL | I24: =Data!D26 -> 19
B25: Iowa | C25: 10 | D25: ★★★ High | F25: =Data!A33 -> Roman Catholic Diocese of LaCrosse | G25: =Data!B33 -> Bishop Battersby | H25: =Data!C33 -> — | I25: =Data!D33 -> 19
B28: ℹ️ ALL = Statewide jurisdiction but communities only in marked counties | PR = Partial data

Sheet County Overlap Map
B2: County × Judicatory Coverage Matrix | Auto-updates when new members are added in DATA tab
B4: County | C4: # Serving | D4: =Data!A2 -> African Methodist Episcopal Church, 4th District | E4: =Data!A3 -> American Baptist Churches of Wisconsin | F4: =Data!A4 -> Armenian Orthodox Church, Eastern Diocese | G4: =Data!A5 -> Christian Church (Disciples of Christ) in Illinois and Wisconsin | H4: =Data!A6 -> Christian Methodist Episcopal Church, Third Episcopal District | I4: =Data!A7 -> Church of Jesus Christ of Latter-Day Saints | J4: =Data!A8 -> Church of the Brethren, Illinois and Wisconsin District | K4: =Data!A9 -> COGIC, Wisconsin First Jurisdiction | L4: =Data!A10 -> COGIC, Wisconsin Northwest Jurisdiction | M4: =Data!A11 -> COGIC, Wisconsin Third Jurisdiction | N4: =Data!A12 -> Community of Christ Headwaters Mission Center | O4: =Data!A13 -> Coptic Orthodox Church | P4: =Data!A14 -> Ecumenical Catholic Communion | Q4: =Data!A15 -> ELCA East-Central Synod | R4: =Data!A16 -> ELCA Greater Milwaukee Synod | S4: =Data!A17 -> ELCA LaCrosse Area Synod | T4: =Data!A18 -> ELCA Northern Great Lakes Synod | U4: =Data!A19 -> ELCA Northwest Synod | V4: =Data!A20 -> ELCA South-Central Synod | W4: =Data!A21 -> Greek Orthodox Church, Diocese of Chicago | X4: =Data!A22 -> Life Center Madison | Y4: =Data!A23 -> Mennonite Church USA, Central District Conference | Z4: =Data!A24 -> Metropolitan Community Churches | AA4: =Data!A25 -> Moravian Church, Western District | AB4: =Data!A26 -> Orthodox Church in America, Diocese of the Midwest | AC4: =Data!A27 -> PC(USA), John Knox Presbytery | AD4: =Data!A28 -> PC(USA), Milwaukee Presbytery | AE4: =Data!A29 -> PC(USA), Northern Waters Presbytery | AF4: =Data!A30 -> PC(USA), Winnebago Presbytery | AG4: =Data!A31 -> Roman Catholic Archdiocese of Milwaukee | AH4: =Data!A32 -> Roman Catholic Diocese of Green Bay | AI4: =Data!A33 -> Roman Catholic Diocese of LaCrosse | AJ4: =Data!A34 -> The Episcopal Diocese of Wisconsin | AK4: =Data!A35 -> UCC-WI, Eastern Region | AL4: =Data!A36 -> UCC-WI, Northern Region | AM4: =Data!A37 -> UCC-WI, Southern Region | AN4: =Data!A38 -> UMC - WI, North East District | AO4: =Data!A39 -> UMC - WI, North West District | AP4: =Data!A40 -> UMC - WI, South East District | AQ4: =Data!A41 -> UMC - WI, South West District | AR4: =Data!A42 -> UMC- Boo | AS4: =Data!A43 -> 0 | AT4: =Data!A44 -> 0 | AU4: =Data!A45 -> 0 | AV4: =Data!A46 -> 0 | AW4: =Data!A47 -> 0 | AX4: =Data!A48 -> 0 | AY4: =Data!A49 -> 0 | AZ4: =Data!A50 -> 0 | BA4: =Data!A51 -> 0 | BB4: =Data!A52 -> 0 | BC4: =Data!A53 -> 0 | BD4: =Data!A54 -> 0 | BE4: =Data!A55 -> 0 | BF4: =Data!A56 -> 0 | BG4: =Data!A57 -> 0 | BH4: =Data!A58 -> 0 | BI4: =Data!A59 -> 0 | BJ4: =Data!A60 -> 0 | BK4: =Data!A61 -> 0
B5: Adams | C5: =COUNTIF(Data!E2:E61,"x") -> 6 | D5: =IF(Data!E2="x","✓","") | E5: =IF(Data!E3="x","✓","") | F5: =IF(Data!E4="x","✓","") | G5: =IF(Data!E5="x","✓","") | H5: =IF(Data!E6="x","✓","") | I5: =IF(Data!E7="x","✓","") | J5: =IF(Data!E8="x","✓","") | K5: =IF(Data!E9="x","✓","") | L5: =IF(Data!E10="x","✓","") | M5: =IF(Data!E11="x","✓","") | N5: =IF(Data!E12="x","✓","") | O5: =IF(Data!E13="x","✓","") | P5: =IF(Data!E14="x","✓","") | Q5: =IF(Data!E15="x","✓","") | R5: =IF(Data!E16="x","✓","") | S5: =IF(Data!E17="x","✓","") -> ✓ | T5: =IF(Data!E18="x","✓","") | U5: =IF(Data!E19="x","✓","") | V5: =IF(Data!E20="x","✓","") | W5: =IF(Data!E21="x","✓","") | X5: =IF(Data!E22="x","✓","") | Y5: =IF(Data!E23="x","✓","") | Z5: =IF(Data!E24="x","✓","") | AA5: =IF(Data!E25="x","✓","") | AB5: =IF(Data!E26="x","✓","") | AC5: =IF(Data!E27="x","✓","") -> ✓ | AD5: =IF(Data!E28="x","✓","") | AE5: =IF(Data!E29="x","✓","") | AF5: =IF(Data!E30="x","✓","") | AG5: =IF(Data!E31="x","✓","") | AH5: =IF(Data!E32="x","✓","") | AI5: =IF(Data!E33="x","✓","") -> ✓ | AJ5: =IF(Data!E34="x","✓","") | AK5: =IF(Data!E35="x","✓","") | AL5: =IF(Data!E36="x","✓","") | AM5: =IF(Data!E37="x","✓","") -> ✓ | AN5: =IF(Data!E38="x","✓","") | AO5: =IF(Data!E39="x","✓","") | AP5: =IF(Data!E40="x","✓","") | AQ5: =IF(Data!E41="x","✓","") -> ✓ | AR5: =IF(Data!E42="x","✓","") -> ✓ | AS5: =IF(Data!E43="x","✓","") | AT5: =IF(Data!E44="x","✓","") | AU5: =IF(Data!E45="x","✓","") | AV5: =IF(Data!E46="x","✓","") | AW5: =IF(Data!E47="x","✓","") | AX5: =IF(Data!E48="x","✓","") | AY5: =IF(Data!E49="x","✓","") | AZ5: =IF(Data!E50="x","✓","") | BA5: =IF(Data!E51="x","✓","") | BB5: =IF(Data!E52="x","✓","") | BC5: =IF(Data!E53="x","✓","") | BD5: =IF(Data!E54="x","✓","") | BE5: =IF(Data!E55="x","✓","") | BF5: =IF(Data!E56="x","✓","") | BG5: =IF(Data!E57="x","✓","") | BH5: =IF(Data!E58="x","✓","") | BI5: =IF(Data!E59="x","✓","") | BJ5: =IF(Data!E60="x","✓","") | BK5: =IF(Data!E61="x","✓","")
B6: Ashland | C6: =COUNTIF(Data!F2:F61,"x") -> 6 | D6: =IF(Data!F2="x","✓","") | E6: =IF(Data!F3="x","✓","") | F6: =IF(Data!F4="x","✓","") | G6: =IF(Data!F5="x","✓","") | H6: =IF(Data!F6="x","✓","") | I6: =IF(Data!F7="x","✓","") | J6: =IF(Data!F8="x","✓","") | K6: =IF(Data!F9="x","✓","") | L6: =IF(Data!F10="x","✓","") | M6: =IF(Data!F11="x","✓","") | N6: =IF(Data!F12="x","✓","") | O6: =IF(Data!F13="x","✓","") | P6: =IF(Data!F14="x","✓","") | Q6: =IF(Data!F15="x","✓","") | R6: =IF(Data!F16="x","✓","") | S6: =IF(Data!F17="x","✓","") | T6: =IF(Data!F18="x","✓","") | U6: =IF(Data!F19="x","✓","") -> ✓ | V6: =IF(Data!F20="x","✓","") | W6: =IF(Data!F21="x","✓","") | X6: =IF(Data!F22="x","✓","") | Y6: =IF(Data!F23="x","✓","") | Z6: =IF(Data!F24="x","✓","") | AA6: =IF(Data!F25="x","✓","") | AB6: =IF(Data!F26="x","✓","") | AC6: =IF(Data!F27="x","✓","") | AD6: =IF(Data!F28="x","✓","") | AE6: =IF(Data!F29="x","✓","") -> ✓ | AF6: =IF(Data!F30="x","✓","") | AG6: =IF(Data!F31="x","✓","") | AH6: =IF(Data!F32="x","✓","") | AI6: =IF(Data!F33="x","✓","") | AJ6: =IF(Data!F34="x","✓","") | AK6: =IF(Data!F35="x","✓","") | AL6: =IF(Data!F36="x","✓","") -> ✓ | AM6: =IF(Data!F37="x","✓","") | AN6: =IF(Data!F38="x","✓","") -> ✓ | AO6: =IF(Data!F39="x","✓","") -> ✓ | AP6: =IF(Data!F40="x","✓","") | AQ6: =IF(Data!F41="x","✓","") | AR6: =IF(Data!F42="x","✓","") -> ✓ | AS6: =IF(Data!F43="x","✓","") | AT6: =IF(Data!F44="x","✓","") | AU6: =IF(Data!F45="x","✓","") | AV6: =IF(Data!F46="x","✓","") | AW6: =IF(Data!F47="x","✓","") | AX6: =IF(Data!F48="x","✓","") | AY6: =IF(Data!F49="x","✓","") | AZ6: =IF(Data!F50="x","✓","") | BA6: =IF(Data!F51="x","✓","") | BB6: =IF(Data!F52="x","✓","") | BC6: =IF(Data!F53="x","✓","") | BD6: =IF(Data!F54="x","✓","") | BE6: =IF(Data!F55="x","✓","") | BF6: =IF(Data!F56="x","✓","") | BG6: =IF(Data!F57="x","✓","") | BH6: =IF(Data!F58="x","✓","") | BI6: =IF(Data!F59="x","✓","") | BJ6: =IF(Data!F60="x","✓","") | BK6: =IF(Data!F61="x","✓","")
B7: Barron | C7: =COUNTIF(Data!G2:G61,"x") -> 6 | D7: =IF(Data!G2="x","✓","") | E7: =IF(Data!G3="x","✓","") | F7: =IF(Data!G4="x","✓","") | G7: =IF(Data!G5="x","✓","") | H7: =IF(Data!G6="x","✓","") | I7: =IF(Data!G7="x","✓","") | J7: =IF(Data!G8="x","✓","") | K7: =IF(Data!G9="x","✓","") | L7: =IF(Data!G10="x","✓","") | M7: =IF(Data!G11="x","✓","") | N7: =IF(Data!G12="x","✓","") | O7: =IF(Data!G13="x","✓","") | P7: =IF(Data!G14="x","✓","") | Q7: =IF(Data!G15="x","✓","") | R7: =IF(Data!G16="x","✓","") | S7: =IF(Data!G17="x","✓","") | T7: =IF(Data!G18="x","✓","") | U7: =IF(Data!G19="x","✓","") -> ✓ | V7: =IF(Data!G20="x","✓","") | W7: =IF(Data!G21="x","✓","") | X7: =IF(Data!G22="x","✓","") | Y7: =IF(Data!G23="x","✓","") | Z7: =IF(Data!G24="x","✓","") | AA7: =IF(Data!G25="x","✓","") | AB7: =IF(Data!G26="x","✓","") | AC7: =IF(Data!G27="x","✓","") | AD7: =IF(Data!G28="x","✓","") | AE7: =IF(Data!G29="x","✓","") -> ✓ | AF7: =IF(Data!G30="x","✓","") | AG7: =IF(Data!G31="x","✓","") | AH7: =IF(Data!G32="x","✓","") | AI7: =IF(Data!G33="x","✓","") | AJ7: =IF(Data!G34="x","✓","") | AK7: =IF(Data!G35="x","✓","") | AL7: =IF(Data!G36="x","✓","") -> ✓ | AM7: =IF(Data!G37="x","✓","") | AN7: =IF(Data!G38="x","✓","") -> ✓ | AO7: =IF(Data!G39="x","✓","") -> ✓ | AP7: =IF(Data!G40="x","✓","") | AQ7: =IF(Data!G41="x","✓","") | AR7: =IF(Data!G42="x","✓","") -> ✓ | AS7: =IF(Data!G43="x","✓","") | AT7: =IF(Data!G44="x","✓","") | AU7: =IF(Data!G45="x","✓","") | AV7: =IF(Data!G46="x","✓","") | AW7: =IF(Data!G47="x","✓","") | AX7: =IF(Data!G48="x","✓","") | AY7: =IF(Data!G49="x","✓","") | AZ7: =IF(Data!G50="x","✓","") | BA7: =IF(Data!G51="x","✓","") | BB7: =IF(Data!G52="x","✓","") | BC7: =IF(Data!G53="x","✓","") | BD7: =IF(Data!G54="x","✓","") | BE7: =IF(Data!G55="x","✓","") | BF7: =IF(Data!G56="x","✓","") | BG7: =IF(Data!G57="x","✓","") | BH7: =IF(Data!G58="x","✓","") | BI7: =IF(Data!G59="x","✓","") | BJ7: =IF(Data!G60="x","✓","") | BK7: =IF(Data!G61="x","✓","")
B8: Bayfield | C8: =COUNTIF(Data!H2:H61,"x") -> 6 | D8: =IF(Data!H2="x","✓","") | E8: =IF(Data!H3="x","✓","") | F8: =IF(Data!H4="x","✓","") | G8: =IF(Data!H5="x","✓","") | H8: =IF(Data!H6="x","✓","") | I8: =IF(Data!H7="x","✓","") | J8: =IF(Data!H8="x","✓","") | K8: =IF(Data!H9="x","✓","") | L8: =IF(Data!H10="x","✓","") | M8: =IF(Data!H11="x","✓","") | N8: =IF(Data!H12="x","✓","") | O8: =IF(Data!H13="x","✓","") | P8: =IF(Data!H14="x","✓","") | Q8: =IF(Data!H15="x","✓","") | R8: =IF(Data!H16="x","✓","") | S8: =IF(Data!H17="x","✓","") | T8: =IF(Data!H18="x","✓","") | U8: =IF(Data!H19="x","✓","") -> ✓ | V8: =IF(Data!H20="x","✓","") | W8: =IF(Data!H21="x","✓","") | X8: =IF(Data!H22="x","✓","") | Y8: =IF(Data!H23="x","✓","") | Z8: =IF(Data!H24="x","✓","") | AA8: =IF(Data!H25="x","✓","") | AB8: =IF(Data!H26="x","✓","") | AC8: =IF(Data!H27="x","✓","") | AD8: =IF(Data!H28="x","✓","") | AE8: =IF(Data!H29="x","✓","") -> ✓ | AF8: =IF(Data!H30="x","✓","") | AG8: =IF(Data!H31="x","✓","") | AH8: =IF(Data!H32="x","✓","") | AI8: =IF(Data!H33="x","✓","") | AJ8: =IF(Data!H34="x","✓","") | AK8: =IF(Data!H35="x","✓","") | AL8: =IF(Data!H36="x","✓","") -> ✓ | AM8: =IF(Data!H37="x","✓","") | AN8: =IF(Data!H38="x","✓","") -> ✓ | AO8: =IF(Data!H39="x","✓","") -> ✓ | AP8: =IF(Data!H40="x","✓","") | AQ8: =IF(Data!H41="x","✓","") | AR8: =IF(Data!H42="x","✓","") -> ✓ | AS8: =IF(Data!H43="x","✓","") | AT8: =IF(Data!H44="x","✓","") | AU8: =IF(Data!H45="x","✓","") | AV8: =IF(Data!H46="x","✓","") | AW8: =IF(Data!H47="x","✓","") | AX8: =IF(Data!H48="x","✓","") | AY8: =IF(Data!H49="x","✓","") | AZ8: =IF(Data!H50="x","✓","") | BA8: =IF(Data!H51="x","✓","") | BB8: =IF(Data!H52="x","✓","") | BC8: =IF(Data!H53="x","✓","") | BD8: =IF(Data!H54="x","✓","") | BE8: =IF(Data!H55="x","✓","") | BF8: =IF(Data!H56="x","✓","") | BG8: =IF(Data!H57="x","✓","") | BH8: =IF(Data!H58="x","✓","") | BI8: =IF(Data!H59="x","✓","") | BJ8: =IF(Data!H60="x","✓","") | BK8: =IF(Data!H61="x","✓","")
B9: Brown | C9: =COUNTIF(Data!I2:I61,"x") -> 5 | D9: =IF(Data!I2="x","✓","") | E9: =IF(Data!I3="x","✓","") | F9: =IF(Data!I4="x","✓","") | G9: =IF(Data!I5="x","✓","") | H9: =IF(Data!I6="x","✓","") | I9: =IF(Data!I7="x","✓","") | J9: =IF(Data!I8="x","✓","") | K9: =IF(Data!I9="x","✓","") | L9: =IF(Data!I10="x","✓","") | M9: =IF(Data!I11="x","✓","") | N9: =IF(Data!I12="x","✓","") | O9: =IF(Data!I13="x","✓","") | P9: =IF(Data!I14="x","✓","") | Q9: =IF(Data!I15="x","✓","") -> ✓ | R9: =IF(Data!I16="x","✓","") | S9: =IF(Data!I17="x","✓","") | T9: =IF(Data!I18="x","✓","") | U9: =IF(Data!I19="x","✓","") | V9: =IF(Data!I20="x","✓","") | W9: =IF(Data!I21="x","✓","") | X9: =IF(Data!I22="x","✓","") | Y9: =IF(Data!I23="x","✓","") | Z9: =IF(Data!I24="x","✓","") | AA9: =IF(Data!I25="x","✓","") | AB9: =IF(Data!I26="x","✓","") | AC9: =IF(Data!I27="x","✓","") | AD9: =IF(Data!I28="x","✓","") | AE9: =IF(Data!I29="x","✓","") | AF9: =IF(Data!I30="x","✓","") -> ✓ | AG9: =IF(Data!I31="x","✓","") | AH9: =IF(Data!I32="x","✓","") -> ✓ | AI9: =IF(Data!I33="x","✓","") | AJ9: =IF(Data!I34="x","✓","") | AK9: =IF(Data!I35="x","✓","") -> ✓ | AL9: =IF(Data!I36="x","✓","") | AM9: =IF(Data!I37="x","✓","") | AN9: =IF(Data!I38="x","✓","") | AO9: =IF(Data!I39="x","✓","") | AP9: =IF(Data!I40="x","✓","") | AQ9: =IF(Data!I41="x","✓","") | AR9: =IF(Data!I42="x","✓","") -> ✓ | AS9: =IF(Data!I43="x","✓","") | AT9: =IF(Data!I44="x","✓","") | AU9: =IF(Data!I45="x","✓","") | AV9: =IF(Data!I46="x","✓","") | AW9: =IF(Data!I47="x","✓","") | AX9: =IF(Data!I48="x","✓","") | AY9: =IF(Data!I49="x","✓","") | AZ9: =IF(Data!I50="x","✓","") | BA9: =IF(Data!I51="x","✓","") | BB9: =IF(Data!I52="x","✓","") | BC9: =IF(Data!I53="x","✓","") | BD9: =IF(Data!I54="x","✓","") | BE9: =IF(Data!I55="x","✓","") | BF9: =IF(Data!I56="x","✓","") | BG9: =IF(Data!I57="x","✓","") | BH9: =IF(Data!I58="x","✓","") | BI9: =IF(Data!I59="x","✓","") | BJ9: =IF(Data!I60="x","✓","") | BK9: =IF(Data!I61="x","✓","")
B10: Buffalo | C10: =COUNTIF(Data!J2:J61,"x") -> 8 | D10: =IF(Data!J2="x","✓","") | E10: =IF(Data!J3="x","✓","") | F10: =IF(Data!J4="x","✓","") | G10: =IF(Data!J5="x","✓","") | H10: =IF(Data!J6="x","✓","") | I10: =IF(Data!J7="x","✓","") | J10: =IF(Data!J8="x","✓","") | K10: =IF(Data!J9="x","✓","") | L10: =IF(Data!J10="x","✓","") | M10: =IF(Data!J11="x","✓","") | N10: =IF(Data!J12="x","✓","") | O10: =IF(Data!J13="x","✓","") | P10: =IF(Data!J14="x","✓","") | Q10: =IF(Data!J15="x","✓","") | R10: =IF(Data!J16="x","✓","") | S10: =IF(Data!J17="x","✓","") -> ✓ | T10: =IF(Data!J18="x","✓","") | U10: =IF(Data!J19="x","✓","") -> ✓ | V10: =IF(Data!J20="x","✓","") | W10: =IF(Data!J21="x","✓","") | X10: =IF(Data!J22="x","✓","") | Y10: =IF(Data!J23="x","✓","") | Z10: =IF(Data!J24="x","✓","") | AA10: =IF(Data!J25="x","✓","") | AB10: =IF(Data!J26="x","✓","") | AC10: =IF(Data!J27="x","✓","") -> ✓ | AD10: =IF(Data!J28="x","✓","") | AE10: =IF(Data!J29="x","✓","") | AF10: =IF(Data!J30="x","✓","") | AG10: =IF(Data!J31="x","✓","") | AH10: =IF(Data!J32="x","✓","") | AI10: =IF(Data!J33="x","✓","") -> ✓ | AJ10: =IF(Data!J34="x","✓","") | AK10: =IF(Data!J35="x","✓","") | AL10: =IF(Data!J36="x","✓","") -> ✓ | AM10: =IF(Data!J37="x","✓","") | AN10: =IF(Data!J38="x","✓","") -> ✓ | AO10: =IF(Data!J39="x","✓","") -> ✓ | AP10: =IF(Data!J40="x","✓","") | AQ10: =IF(Data!J41="x","✓","") | AR10: =IF(Data!J42="x","✓","") -> ✓ | AS10: =IF(Data!J43="x","✓","") | AT10: =IF(Data!J44="x","✓","") | AU10: =IF(Data!J45="x","✓","") | AV10: =IF(Data!J46="x","✓","") | AW10: =IF(Data!J47="x","✓","") | AX10: =IF(Data!J48="x","✓","") | AY10: =IF(Data!J49="x","✓","") | AZ10: =IF(Data!J50="x","✓","") | BA10: =IF(Data!J51="x","✓","") | BB10: =IF(Data!J52="x","✓","") | BC10: =IF(Data!J53="x","✓","") | BD10: =IF(Data!J54="x","✓","") | BE10: =IF(Data!J55="x","✓","") | BF10: =IF(Data!J56="x","✓","") | BG10: =IF(Data!J57="x","✓","") | BH10: =IF(Data!J58="x","✓","") | BI10: =IF(Data!J59="x","✓","") | BJ10: =IF(Data!J60="x","✓","") | BK10: =IF(Data!J61="x","✓","")
B11: Burnett | C11: =COUNTIF(Data!K2:K61,"x") -> 6 | D11: =IF(Data!K2="x","✓","") | E11: =IF(Data!K3="x","✓","") | F11: =IF(Data!K4="x","✓","") | G11: =IF(Data!K5="x","✓","") | H11: =IF(Data!K6="x","✓","") | I11: =IF(Data!K7="x","✓","") | J11: =IF(Data!K8="x","✓","") | K11: =IF(Data!K9="x","✓","") | L11: =IF(Data!K10="x","✓","") | M11: =IF(Data!K11="x","✓","") | N11: =IF(Data!K12="x","✓","") | O11: =IF(Data!K13="x","✓","") | P11: =IF(Data!K14="x","✓","") | Q11: =IF(Data!K15="x","✓","") | R11: =IF(Data!K16="x","✓","") | S11: =IF(Data!K17="x","✓","") | T11: =IF(Data!K18="x","✓","") | U11: =IF(Data!K19="x","✓","") -> ✓ | V11: =IF(Data!K20="x","✓","") | W11: =IF(Data!K21="x","✓","") | X11: =IF(Data!K22="x","✓","") | Y11: =IF(Data!K23="x","✓","") | Z11: =IF(Data!K24="x","✓","") | AA11: =IF(Data!K25="x","✓","") | AB11: =IF(Data!K26="x","✓","") | AC11: =IF(Data!K27="x","✓","") | AD11: =IF(Data!K28="x","✓","") | AE11: =IF(Data!K29="x","✓","") -> ✓ | AF11: =IF(Data!K30="x","✓","") | AG11: =IF(Data!K31="x","✓","") | AH11: =IF(Data!K32="x","✓","") | AI11: =IF(Data!K33="x","✓","") | AJ11: =IF(Data!K34="x","✓","") | AK11: =IF(Data!K35="x","✓","") | AL11: =IF(Data!K36="x","✓","") -> ✓ | AM11: =IF(Data!K37="x","✓","") | AN11: =IF(Data!K38="x","✓","") -> ✓ | AO11: =IF(Data!K39="x","✓","") -> ✓ | AP11: =IF(Data!K40="x","✓","") | AQ11: =IF(Data!K41="x","✓","") | AR11: =IF(Data!K42="x","✓","") -> ✓ | AS11: =IF(Data!K43="x","✓","") | AT11: =IF(Data!K44="x","✓","") | AU11: =IF(Data!K45="x","✓","") | AV11: =IF(Data!K46="x","✓","") | AW11: =IF(Data!K47="x","✓","") | AX11: =IF(Data!K48="x","✓","") | AY11: =IF(Data!K49="x","✓","") | AZ11: =IF(Data!K50="x","✓","") | BA11: =IF(Data!K51="x","✓","") | BB11: =IF(Data!K52="x","✓","") | BC11: =IF(Data!K53="x","✓","") | BD11: =IF(Data!K54="x","✓","") | BE11: =IF(Data!K55="x","✓","") | BF11: =IF(Data!K56="x","✓","") | BG11: =IF(Data!K57="x","✓","") | BH11: =IF(Data!K58="x","✓","") | BI11: =IF(Data!K59="x","✓","") | BJ11: =IF(Data!K60="x","✓","") | BK11: =IF(Data!K61="x","✓","")
B12: Calumet | C12: =COUNTIF(Data!L2:L61,"x") -> 5 | D12: =IF(Data!L2="x","✓","") | E12: =IF(Data!L3="x","✓","") | F12: =IF(Data!L4="x","✓","") | G12: =IF(Data!L5="x","✓","") | H12: =IF(Data!L6="x","✓","") | I12: =IF(Data!L7="x","✓","") | J12: =IF(Data!L8="x","✓","") | K12: =IF(Data!L9="x","✓","") | L12: =IF(Data!L10="x","✓","") | M12: =IF(Data!L11="x","✓","") | N12: =IF(Data!L12="x","✓","") | O12: =IF(Data!L13="x","✓","") | P12: =IF(Data!L14="x","✓","") | Q12: =IF(Data!L15="x","✓","") -> ✓ | R12: =IF(Data!L16="x","✓","") | S12: =IF(Data!L17="x","✓","") | T12: =IF(Data!L18="x","✓","") | U12: =IF(Data!L19="x","✓","") | V12: =IF(Data!L20="x","✓","") | W12: =IF(Data!L21="x","✓","") | X12: =IF(Data!L22="x","✓","") | Y12: =IF(Data!L23="x","✓","") | Z12: =IF(Data!L24="x","✓","") | AA12: =IF(Data!L25="x","✓","") | AB12: =IF(Data!L26="x","✓","") | AC12: =IF(Data!L27="x","✓","") | AD12: =IF(Data!L28="x","✓","") | AE12: =IF(Data!L29="x","✓","") | AF12: =IF(Data!L30="x","✓","") -> ✓ | AG12: =IF(Data!L31="x","✓","") | AH12: =IF(Data!L32="x","✓","") -> ✓ | AI12: =IF(Data!L33="x","✓","") | AJ12: =IF(Data!L34="x","✓","") | AK12: =IF(Data!L35="x","✓","") -> ✓ | AL12: =IF(Data!L36="x","✓","") | AM12: =IF(Data!L37="x","✓","") | AN12: =IF(Data!L38="x","✓","") | AO12: =IF(Data!L39="x","✓","") | AP12: =IF(Data!L40="x","✓","") | AQ12: =IF(Data!L41="x","✓","") | AR12: =IF(Data!L42="x","✓","") -> ✓ | AS12: =IF(Data!L43="x","✓","") | AT12: =IF(Data!L44="x","✓","") | AU12: =IF(Data!L45="x","✓","") | AV12: =IF(Data!L46="x","✓","") | AW12: =IF(Data!L47="x","✓","") | AX12: =IF(Data!L48="x","✓","") | AY12: =IF(Data!L49="x","✓","") | AZ12: =IF(Data!L50="x","✓","") | BA12: =IF(Data!L51="x","✓","") | BB12: =IF(Data!L52="x","✓","") | BC12: =IF(Data!L53="x","✓","") | BD12: =IF(Data!L54="x","✓","") | BE12: =IF(Data!L55="x","✓","") | BF12: =IF(Data!L56="x","✓","") | BG12: =IF(Data!L57="x","✓","") | BH12: =IF(Data!L58="x","✓","") | BI12: =IF(Data!L59="x","✓","") | BJ12: =IF(Data!L60="x","✓","") | BK12: =IF(Data!L61="x","✓","")
B13: Chippewa | C13: =COUNTIF(Data!M2:M61,"x") -> 7 | D13: =IF(Data!M2="x","✓","") | E13: =IF(Data!M3="x","✓","") | F13: =IF(Data!M4="x","✓","") | G13: =IF(Data!M5="x","✓","") | H13: =IF(Data!M6="x","✓","") | I13: =IF(Data!M7="x","✓","") | J13: =IF(Data!M8="x","✓","") | K13: =IF(Data!M9="x","✓","") | L13: =IF(Data!M10="x","✓","") | M13: =IF(Data!M11="x","✓","") | N13: =IF(Data!M12="x","✓","") | O13: =IF(Data!M13="x","✓","") | P13: =IF(Data!M14="x","✓","") | Q13: =IF(Data!M15="x","✓","") | R13: =IF(Data!M16="x","✓","") | S13: =IF(Data!M17="x","✓","") | T13: =IF(Data!M18="x","✓","") | U13: =IF(Data!M19="x","✓","") -> ✓ | V13: =IF(Data!M20="x","✓","") | W13: =IF(Data!M21="x","✓","") | X13: =IF(Data!M22="x","✓","") | Y13: =IF(Data!M23="x","✓","") | Z13: =IF(Data!M24="x","✓","") | AA13: =IF(Data!M25="x","✓","") | AB13: =IF(Data!M26="x","✓","") | AC13: =IF(Data!M27="x","✓","") | AD13: =IF(Data!M28="x","✓","") | AE13: =IF(Data!M29="x","✓","") -> ✓ | AF13: =IF(Data!M30="x","✓","") | AG13: =IF(Data!M31="x","✓","") | AH13: =IF(Data!M32="x","✓","") | AI13: =IF(Data!M33="x","✓","") -> ✓ | AJ13: =IF(Data!M34="x","✓","") | AK13: =IF(Data!M35="x","✓","") | AL13: =IF(Data!M36="x","✓","") -> ✓ | AM13: =IF(Data!M37="x","✓","") | AN13: =IF(Data!M38="x","✓","") -> ✓ | AO13: =IF(Data!M39="x","✓","") -> ✓ | AP13: =IF(Data!M40="x","✓","") | AQ13: =IF(Data!M41="x","✓","") | AR13: =IF(Data!M42="x","✓","") -> ✓ | AS13: =IF(Data!M43="x","✓","") | AT13: =IF(Data!M44="x","✓","") | AU13: =IF(Data!M45="x","✓","") | AV13: =IF(Data!M46="x","✓","") | AW13: =IF(Data!M47="x","✓","") | AX13: =IF(Data!M48="x","✓","") | AY13: =IF(Data!M49="x","✓","") | AZ13: =IF(Data!M50="x","✓","") | BA13: =IF(Data!M51="x","✓","") | BB13: =IF(Data!M52="x","✓","") | BC13: =IF(Data!M53="x","✓","") | BD13: =IF(Data!M54="x","✓","") | BE13: =IF(Data!M55="x","✓","") | BF13: =IF(Data!M56="x","✓","") | BG13: =IF(Data!M57="x","✓","") | BH13: =IF(Data!M58="x","✓","") | BI13: =IF(Data!M59="x","✓","") | BJ13: =IF(Data!M60="x","✓","") | BK13: =IF(Data!M61="x","✓","")
B14: Clark | C14: =COUNTIF(Data!N2:N61,"x") -> 7 | D14: =IF(Data!N2="x","✓","") | E14: =IF(Data!N3="x","✓","") | F14: =IF(Data!N4="x","✓","") | G14: =IF(Data!N5="x","✓","") | H14: =IF(Data!N6="x","✓","") | I14: =IF(Data!N7="x","✓","") | J14: =IF(Data!N8="x","✓","") | K14: =IF(Data!N9="x","✓","") | L14: =IF(Data!N10="x","✓","") | M14: =IF(Data!N11="x","✓","") | N14: =IF(Data!N12="x","✓","") | O14: =IF(Data!N13="x","✓","") | P14: =IF(Data!N14="x","✓","") | Q14: =IF(Data!N15="x","✓","") | R14: =IF(Data!N16="x","✓","") | S14: =IF(Data!N17="x","✓","") | T14: =IF(Data!N18="x","✓","") | U14: =IF(Data!N19="x","✓","") -> ✓ | V14: =IF(Data!N20="x","✓","") | W14: =IF(Data!N21="x","✓","") | X14: =IF(Data!N22="x","✓","") | Y14: =IF(Data!N23="x","✓","") | Z14: =IF(Data!N24="x","✓","") | AA14: =IF(Data!N25="x","✓","") | AB14: =IF(Data!N26="x","✓","") | AC14: =IF(Data!N27="x","✓","") | AD14: =IF(Data!N28="x","✓","") | AE14: =IF(Data!N29="x","✓","") -> ✓ | AF14: =IF(Data!N30="x","✓","") | AG14: =IF(Data!N31="x","✓","") | AH14: =IF(Data!N32="x","✓","") | AI14: =IF(Data!N33="x","✓","") -> ✓ | AJ14: =IF(Data!N34="x","✓","") | AK14: =IF(Data!N35="x","✓","") | AL14: =IF(Data!N36="x","✓","") -> ✓ | AM14: =IF(Data!N37="x","✓","") | AN14: =IF(Data!N38="x","✓","") -> ✓ | AO14: =IF(Data!N39="x","✓","") -> ✓ | AP14: =IF(Data!N40="x","✓","") | AQ14: =IF(Data!N41="x","✓","") | AR14: =IF(Data!N42="x","✓","") -> ✓ | AS14: =IF(Data!N43="x","✓","") | AT14: =IF(Data!N44="x","✓","") | AU14: =IF(Data!N45="x","✓","") | AV14: =IF(Data!N46="x","✓","") | AW14: =IF(Data!N47="x","✓","") | AX14: =IF(Data!N48="x","✓","") | AY14: =IF(Data!N49="x","✓","") | AZ14: =IF(Data!N50="x","✓","") | BA14: =IF(Data!N51="x","✓","") | BB14: =IF(Data!N52="x","✓","") | BC14: =IF(Data!N53="x","✓","") | BD14: =IF(Data!N54="x","✓","") | BE14: =IF(Data!N55="x","✓","") | BF14: =IF(Data!N56="x","✓","") | BG14: =IF(Data!N57="x","✓","") | BH14: =IF(Data!N58="x","✓","") | BI14: =IF(Data!N59="x","✓","") | BJ14: =IF(Data!N60="x","✓","") | BK14: =IF(Data!N61="x","✓","")
B15: Columbia | C15: =COUNTIF(Data!O2:O61,"x") -> 10 | D15: =IF(Data!O2="x","✓","") -> ✓ | E15: =IF(Data!O3="x","✓","") -> ✓ | F15: =IF(Data!O4="x","✓","") | G15: =IF(Data!O5="x","✓","") | H15: =IF(Data!O6="x","✓","") | I15: =IF(Data!O7="x","✓","") | J15: =IF(Data!O8="x","✓","") | K15: =IF(Data!O9="x","✓","") | L15: =IF(Data!O10="x","✓","") | M15: =IF(Data!O11="x","✓","") | N15: =IF(Data!O12="x","✓","") | O15: =IF(Data!O13="x","✓","") | P15: =IF(Data!O14="x","✓","") | Q15: =IF(Data!O15="x","✓","") | R15: =IF(Data!O16="x","✓","") | S15: =IF(Data!O17="x","✓","") | T15: =IF(Data!O18="x","✓","") | U15: =IF(Data!O19="x","✓","") | V15: =IF(Data!O20="x","✓","") -> ✓ | W15: =IF(Data!O21="x","✓","") -> ✓ | X15: =IF(Data!O22="x","✓","") | Y15: =IF(Data!O23="x","✓","") | Z15: =IF(Data!O24="x","✓","") | AA15: =IF(Data!O25="x","✓","") -> ✓ | AB15: =IF(Data!O26="x","✓","") -> ✓ | AC15: =IF(Data!O27="x","✓","") -> ✓ | AD15: =IF(Data!O28="x","✓","") | AE15: =IF(Data!O29="x","✓","") | AF15: =IF(Data!O30="x","✓","") | AG15: =IF(Data!O31="x","✓","") | AH15: =IF(Data!O32="x","✓","") | AI15: =IF(Data!O33="x","✓","") | AJ15: =IF(Data!O34="x","✓","") | AK15: =IF(Data!O35="x","✓","") | AL15: =IF(Data!O36="x","✓","") | AM15: =IF(Data!O37="x","✓","") -> ✓ | AN15: =IF(Data!O38="x","✓","") | AO15: =IF(Data!O39="x","✓","") | AP15: =IF(Data!O40="x","✓","") | AQ15: =IF(Data!O41="x","✓","") -> ✓ | AR15: =IF(Data!O42="x","✓","") -> ✓ | AS15: =IF(Data!O43="x","✓","") | AT15: =IF(Data!O44="x","✓","") | AU15: =IF(Data!O45="x","✓","") | AV15: =IF(Data!O46="x","✓","") | AW15: =IF(Data!O47="x","✓","") | AX15: =IF(Data!O48="x","✓","") | AY15: =IF(Data!O49="x","✓","") | AZ15: =IF(Data!O50="x","✓","") | BA15: =IF(Data!O51="x","✓","") | BB15: =IF(Data!O52="x","✓","") | BC15: =IF(Data!O53="x","✓","") | BD15: =IF(Data!O54="x","✓","") | BE15: =IF(Data!O55="x","✓","") | BF15: =IF(Data!O56="x","✓","") | BG15: =IF(Data!O57="x","✓","") | BH15: =IF(Data!O58="x","✓","") | BI15: =IF(Data!O59="x","✓","") | BJ15: =IF(Data!O60="x","✓","") | BK15: =IF(Data!O61="x","✓","")
B16: Crawford | C16: =COUNTIF(Data!P2:P61,"x") -> 12 | D16: =IF(Data!P2="x","✓","") -> ✓ | E16: =IF(Data!P3="x","✓","") -> ✓ | F16: =IF(Data!P4="x","✓","") | G16: =IF(Data!P5="x","✓","") | H16: =IF(Data!P6="x","✓","") | I16: =IF(Data!P7="x","✓","") | J16: =IF(Data!P8="x","✓","") | K16: =IF(Data!P9="x","✓","") | L16: =IF(Data!P10="x","✓","") | M16: =IF(Data!P11="x","✓","") | N16: =IF(Data!P12="x","✓","") -> ✓ | O16: =IF(Data!P13="x","✓","") | P16: =IF(Data!P14="x","✓","") | Q16: =IF(Data!P15="x","✓","") | R16: =IF(Data!P16="x","✓","") | S16: =IF(Data!P17="x","✓","") -> ✓ | T16: =IF(Data!P18="x","✓","") | U16: =IF(Data!P19="x","✓","") | V16: =IF(Data!P20="x","✓","") | W16: =IF(Data!P21="x","✓","") -> ✓ | X16: =IF(Data!P22="x","✓","") | Y16: =IF(Data!P23="x","✓","") | Z16: =IF(Data!P24="x","✓","") | AA16: =IF(Data!P25="x","✓","") -> ✓ | AB16: =IF(Data!P26="x","✓","") -> ✓ | AC16: =IF(Data!P27="x","✓","") -> ✓ | AD16: =IF(Data!P28="x","✓","") | AE16: =IF(Data!P29="x","✓","") | AF16: =IF(Data!P30="x","✓","") | AG16: =IF(Data!P31="x","✓","") | AH16: =IF(Data!P32="x","✓","") | AI16: =IF(Data!P33="x","✓","") -> ✓ | AJ16: =IF(Data!P34="x","✓","") | AK16: =IF(Data!P35="x","✓","") | AL16: =IF(Data!P36="x","✓","") | AM16: =IF(Data!P37="x","✓","") -> ✓ | AN16: =IF(Data!P38="x","✓","") | AO16: =IF(Data!P39="x","✓","") | AP16: =IF(Data!P40="x","✓","") | AQ16: =IF(Data!P41="x","✓","") -> ✓ | AR16: =IF(Data!P42="x","✓","") -> ✓ | AS16: =IF(Data!P43="x","✓","") | AT16: =IF(Data!P44="x","✓","") | AU16: =IF(Data!P45="x","✓","") | AV16: =IF(Data!P46="x","✓","") | AW16: =IF(Data!P47="x","✓","") | AX16: =IF(Data!P48="x","✓","") | AY16: =IF(Data!P49="x","✓","") | AZ16: =IF(Data!P50="x","✓","") | BA16: =IF(Data!P51="x","✓","") | BB16: =IF(Data!P52="x","✓","") | BC16: =IF(Data!P53="x","✓","") | BD16: =IF(Data!P54="x","✓","") | BE16: =IF(Data!P55="x","✓","") | BF16: =IF(Data!P56="x","✓","") | BG16: =IF(Data!P57="x","✓","") | BH16: =IF(Data!P58="x","✓","") | BI16: =IF(Data!P59="x","✓","") | BJ16: =IF(Data!P60="x","✓","") | BK16: =IF(Data!P61="x","✓","")
B17: Dane | C17: =COUNTIF(Data!Q2:Q61,"x") -> 16 | D17: =IF(Data!Q2="x","✓","") -> ✓ | E17: =IF(Data!Q3="x","✓","") -> ✓ | F17: =IF(Data!Q4="x","✓","") | G17: =IF(Data!Q5="x","✓","") | H17: =IF(Data!Q6="x","✓","") | I17: =IF(Data!Q7="x","✓","") | J17: =IF(Data!Q8="x","✓","") -> ✓ | K17: =IF(Data!Q9="x","✓","") -> ✓ | L17: =IF(Data!Q10="x","✓","") | M17: =IF(Data!Q11="x","✓","") | N17: =IF(Data!Q12="x","✓","") -> ✓ | O17: =IF(Data!Q13="x","✓","") -> ✓ | P17: =IF(Data!Q14="x","✓","") | Q17: =IF(Data!Q15="x","✓","") | R17: =IF(Data!Q16="x","✓","") | S17: =IF(Data!Q17="x","✓","") | T17: =IF(Data!Q18="x","✓","") | U17: =IF(Data!Q19="x","✓","") | V17: =IF(Data!Q20="x","✓","") -> ✓ | W17: =IF(Data!Q21="x","✓","") -> ✓ | X17: =IF(Data!Q22="x","✓","") -> ✓ | Y17: =IF(Data!Q23="x","✓","") -> ✓ | Z17: =IF(Data!Q24="x","✓","") | AA17: =IF(Data!Q25="x","✓","") -> ✓ | AB17: =IF(Data!Q26="x","✓","") -> ✓ | AC17: =IF(Data!Q27="x","✓","") -> ✓ | AD17: =IF(Data!Q28="x","✓","") | AE17: =IF(Data!Q29="x","✓","") | AF17: =IF(Data!Q30="x","✓","") | AG17: =IF(Data!Q31="x","✓","") | AH17: =IF(Data!Q32="x","✓","") | AI17: =IF(Data!Q33="x","✓","") | AJ17: =IF(Data!Q34="x","✓","") | AK17: =IF(Data!Q35="x","✓","") | AL17: =IF(Data!Q36="x","✓","") | AM17: =IF(Data!Q37="x","✓","") -> ✓ | AN17: =IF(Data!Q38="x","✓","") | AO17: =IF(Data!Q39="x","✓","") | AP17: =IF(Data!Q40="x","✓","") | AQ17: =IF(Data!Q41="x","✓","") -> ✓ | AR17: =IF(Data!Q42="x","✓","") -> ✓ | AS17: =IF(Data!Q43="x","✓","") | AT17: =IF(Data!Q44="x","✓","") | AU17: =IF(Data!Q45="x","✓","") | AV17: =IF(Data!Q46="x","✓","") | AW17: =IF(Data!Q47="x","✓","") | AX17: =IF(Data!Q48="x","✓","") | AY17: =IF(Data!Q49="x","✓","") | AZ17: =IF(Data!Q50="x","✓","") | BA17: =IF(Data!Q51="x","✓","") | BB17: =IF(Data!Q52="x","✓","") | BC17: =IF(Data!Q53="x","✓","") | BD17: =IF(Data!Q54="x","✓","") | BE17: =IF(Data!Q55="x","✓","") | BF17: =IF(Data!Q56="x","✓","") | BG17: =IF(Data!Q57="x","✓","") | BH17: =IF(Data!Q58="x","✓","") | BI17: =IF(Data!Q59="x","✓","") | BJ17: =IF(Data!Q60="x","✓","") | BK17: =IF(Data!Q61="x","✓","")
B18: Dodge | C18: =COUNTIF(Data!R2:R61,"x") -> 12 | D18: =IF(Data!R2="x","✓","") -> ✓ | E18: =IF(Data!R3="x","✓","") -> ✓ | F18: =IF(Data!R4="x","✓","") | G18: =IF(Data!R5="x","✓","") | H18: =IF(Data!R6="x","✓","") | I18: =IF(Data!R7="x","✓","") | J18: =IF(Data!R8="x","✓","") | K18: =IF(Data!R9="x","✓","") | L18: =IF(Data!R10="x","✓","") | M18: =IF(Data!R11="x","✓","") | N18: =IF(Data!R12="x","✓","") | O18: =IF(Data!R13="x","✓","") | P18: =IF(Data!R14="x","✓","") | Q18: =IF(Data!R15="x","✓","") | R18: =IF(Data!R16="x","✓","") | S18: =IF(Data!R17="x","✓","") | T18: =IF(Data!R18="x","✓","") | U18: =IF(Data!R19="x","✓","") | V18: =IF(Data!R20="x","✓","") -> ✓ | W18: =IF(Data!R21="x","✓","") -> ✓ | X18: =IF(Data!R22="x","✓","") | Y18: =IF(Data!R23="x","✓","") | Z18: =IF(Data!R24="x","✓","") | AA18: =IF(Data!R25="x","✓","") -> ✓ | AB18: =IF(Data!R26="x","✓","") -> ✓ | AC18: =IF(Data!R27="x","✓","") | AD18: =IF(Data!R28="x","✓","") -> ✓ | AE18: =IF(Data!R29="x","✓","") | AF18: =IF(Data!R30="x","✓","") | AG18: =IF(Data!R31="x","✓","") -> ✓ | AH18: =IF(Data!R32="x","✓","") | AI18: =IF(Data!R33="x","✓","") | AJ18: =IF(Data!R34="x","✓","") | AK18: =IF(Data!R35="x","✓","") -> ✓ | AL18: =IF(Data!R36="x","✓","") | AM18: =IF(Data!R37="x","✓","") -> ✓ | AN18: =IF(Data!R38="x","✓","") | AO18: =IF(Data!R39="x","✓","") | AP18: =IF(Data!R40="x","✓","") -> ✓ | AQ18: =IF(Data!R41="x","✓","") | AR18: =IF(Data!R42="x","✓","") -> ✓ | AS18: =IF(Data!R43="x","✓","") | AT18: =IF(Data!R44="x","✓","") | AU18: =IF(Data!R45="x","✓","") | AV18: =IF(Data!R46="x","✓","") | AW18: =IF(Data!R47="x","✓","") | AX18: =IF(Data!R48="x","✓","") | AY18: =IF(Data!R49="x","✓","") | AZ18: =IF(Data!R50="x","✓","") | BA18: =IF(Data!R51="x","✓","") | BB18: =IF(Data!R52="x","✓","") | BC18: =IF(Data!R53="x","✓","") | BD18: =IF(Data!R54="x","✓","") | BE18: =IF(Data!R55="x","✓","") | BF18: =IF(Data!R56="x","✓","") | BG18: =IF(Data!R57="x","✓","") | BH18: =IF(Data!R58="x","✓","") | BI18: =IF(Data!R59="x","✓","") | BJ18: =IF(Data!R60="x","✓","") | BK18: =IF(Data!R61="x","✓","")
B19: Door | C19: =COUNTIF(Data!S2:S61,"x") -> 5 | D19: =IF(Data!S2="x","✓","") | E19: =IF(Data!S3="x","✓","") | F19: =IF(Data!S4="x","✓","") | G19: =IF(Data!S5="x","✓","") | H19: =IF(Data!S6="x","✓","") | I19: =IF(Data!S7="x","✓","") | J19: =IF(Data!S8="x","✓","") | K19: =IF(Data!S9="x","✓","") | L19: =IF(Data!S10="x","✓","") | M19: =IF(Data!S11="x","✓","") | N19: =IF(Data!S12="x","✓","") | O19: =IF(Data!S13="x","✓","") | P19: =IF(Data!S14="x","✓","") | Q19: =IF(Data!S15="x","✓","") -> ✓ | R19: =IF(Data!S16="x","✓","") | S19: =IF(Data!S17="x","✓","") | T19: =IF(Data!S18="x","✓","") | U19: =IF(Data!S19="x","✓","") | V19: =IF(Data!S20="x","✓","") | W19: =IF(Data!S21="x","✓","") | X19: =IF(Data!S22="x","✓","") | Y19: =IF(Data!S23="x","✓","") | Z19: =IF(Data!S24="x","✓","") | AA19: =IF(Data!S25="x","✓","") | AB19: =IF(Data!S26="x","✓","") | AC19: =IF(Data!S27="x","✓","") | AD19: =IF(Data!S28="x","✓","") | AE19: =IF(Data!S29="x","✓","") | AF19: =IF(Data!S30="x","✓","") -> ✓ | AG19: =IF(Data!S31="x","✓","") | AH19: =IF(Data!S32="x","✓","") -> ✓ | AI19: =IF(Data!S33="x","✓","") | AJ19: =IF(Data!S34="x","✓","") | AK19: =IF(Data!S35="x","✓","") -> ✓ | AL19: =IF(Data!S36="x","✓","") | AM19: =IF(Data!S37="x","✓","") | AN19: =IF(Data!S38="x","✓","") | AO19: =IF(Data!S39="x","✓","") | AP19: =IF(Data!S40="x","✓","") | AQ19: =IF(Data!S41="x","✓","") | AR19: =IF(Data!S42="x","✓","") -> ✓ | AS19: =IF(Data!S43="x","✓","") | AT19: =IF(Data!S44="x","✓","") | AU19: =IF(Data!S45="x","✓","") | AV19: =IF(Data!S46="x","✓","") | AW19: =IF(Data!S47="x","✓","") | AX19: =IF(Data!S48="x","✓","") | AY19: =IF(Data!S49="x","✓","") | AZ19: =IF(Data!S50="x","✓","") | BA19: =IF(Data!S51="x","✓","") | BB19: =IF(Data!S52="x","✓","") | BC19: =IF(Data!S53="x","✓","") | BD19: =IF(Data!S54="x","✓","") | BE19: =IF(Data!S55="x","✓","") | BF19: =IF(Data!S56="x","✓","") | BG19: =IF(Data!S57="x","✓","") | BH19: =IF(Data!S58="x","✓","") | BI19: =IF(Data!S59="x","✓","") | BJ19: =IF(Data!S60="x","✓","") | BK19: =IF(Data!S61="x","✓","")
B20: Douglas | C20: =COUNTIF(Data!T2:T61,"x") -> 6 | D20: =IF(Data!T2="x","✓","") | E20: =IF(Data!T3="x","✓","") | F20: =IF(Data!T4="x","✓","") | G20: =IF(Data!T5="x","✓","") | H20: =IF(Data!T6="x","✓","") | I20: =IF(Data!T7="x","✓","") | J20: =IF(Data!T8="x","✓","") | K20: =IF(Data!T9="x","✓","") | L20: =IF(Data!T10="x","✓","") | M20: =IF(Data!T11="x","✓","") | N20: =IF(Data!T12="x","✓","") | O20: =IF(Data!T13="x","✓","") | P20: =IF(Data!T14="x","✓","") | Q20: =IF(Data!T15="x","✓","") | R20: =IF(Data!T16="x","✓","") | S20: =IF(Data!T17="x","✓","") | T20: =IF(Data!T18="x","✓","") | U20: =IF(Data!T19="x","✓","") -> ✓ | V20: =IF(Data!T20="x","✓","") | W20: =IF(Data!T21="x","✓","") | X20: =IF(Data!T22="x","✓","") | Y20: =IF(Data!T23="x","✓","") | Z20: =IF(Data!T24="x","✓","") | AA20: =IF(Data!T25="x","✓","") | AB20: =IF(Data!T26="x","✓","") | AC20: =IF(Data!T27="x","✓","") | AD20: =IF(Data!T28="x","✓","") | AE20: =IF(Data!T29="x","✓","") -> ✓ | AF20: =IF(Data!T30="x","✓","") | AG20: =IF(Data!T31="x","✓","") | AH20: =IF(Data!T32="x","✓","") | AI20: =IF(Data!T33="x","✓","") | AJ20: =IF(Data!T34="x","✓","") | AK20: =IF(Data!T35="x","✓","") | AL20: =IF(Data!T36="x","✓","") -> ✓ | AM20: =IF(Data!T37="x","✓","") | AN20: =IF(Data!T38="x","✓","") -> ✓ | AO20: =IF(Data!T39="x","✓","") -> ✓ | AP20: =IF(Data!T40="x","✓","") | AQ20: =IF(Data!T41="x","✓","") | AR20: =IF(Data!T42="x","✓","") -> ✓ | AS20: =IF(Data!T43="x","✓","") | AT20: =IF(Data!T44="x","✓","") | AU20: =IF(Data!T45="x","✓","") | AV20: =IF(Data!T46="x","✓","") | AW20: =IF(Data!T47="x","✓","") | AX20: =IF(Data!T48="x","✓","") | AY20: =IF(Data!T49="x","✓","") | AZ20: =IF(Data!T50="x","✓","") | BA20: =IF(Data!T51="x","✓","") | BB20: =IF(Data!T52="x","✓","") | BC20: =IF(Data!T53="x","✓","") | BD20: =IF(Data!T54="x","✓","") | BE20: =IF(Data!T55="x","✓","") | BF20: =IF(Data!T56="x","✓","") | BG20: =IF(Data!T57="x","✓","") | BH20: =IF(Data!T58="x","✓","") | BI20: =IF(Data!T59="x","✓","") | BJ20: =IF(Data!T60="x","✓","") | BK20: =IF(Data!T61="x","✓","")
B21: Dunn | C21: =COUNTIF(Data!U2:U61,"x") -> 7 | D21: =IF(Data!U2="x","✓","") | E21: =IF(Data!U3="x","✓","") | F21: =IF(Data!U4="x","✓","") | G21: =IF(Data!U5="x","✓","") | H21: =IF(Data!U6="x","✓","") | I21: =IF(Data!U7="x","✓","") | J21: =IF(Data!U8="x","✓","") | K21: =IF(Data!U9="x","✓","") | L21: =IF(Data!U10="x","✓","") | M21: =IF(Data!U11="x","✓","") | N21: =IF(Data!U12="x","✓","") | O21: =IF(Data!U13="x","✓","") | P21: =IF(Data!U14="x","✓","") | Q21: =IF(Data!U15="x","✓","") | R21: =IF(Data!U16="x","✓","") | S21: =IF(Data!U17="x","✓","") | T21: =IF(Data!U18="x","✓","") | U21: =IF(Data!U19="x","✓","") -> ✓ | V21: =IF(Data!U20="x","✓","") | W21: =IF(Data!U21="x","✓","") | X21: =IF(Data!U22="x","✓","") | Y21: =IF(Data!U23="x","✓","") | Z21: =IF(Data!U24="x","✓","") | AA21: =IF(Data!U25="x","✓","") | AB21: =IF(Data!U26="x","✓","") | AC21: =IF(Data!U27="x","✓","") | AD21: =IF(Data!U28="x","✓","") | AE21: =IF(Data!U29="x","✓","") -> ✓ | AF21: =IF(Data!U30="x","✓","") | AG21: =IF(Data!U31="x","✓","") | AH21: =IF(Data!U32="x","✓","") | AI21: =IF(Data!U33="x","✓","") -> ✓ | AJ21: =IF(Data!U34="x","✓","") | AK21: =IF(Data!U35="x","✓","") | AL21: =IF(Data!U36="x","✓","") -> ✓ | AM21: =IF(Data!U37="x","✓","") | AN21: =IF(Data!U38="x","✓","") -> ✓ | AO21: =IF(Data!U39="x","✓","") -> ✓ | AP21: =IF(Data!U40="x","✓","") | AQ21: =IF(Data!U41="x","✓","") | AR21: =IF(Data!U42="x","✓","") -> ✓ | AS21: =IF(Data!U43="x","✓","") | AT21: =IF(Data!U44="x","✓","") | AU21: =IF(Data!U45="x","✓","") | AV21: =IF(Data!U46="x","✓","") | AW21: =IF(Data!U47="x","✓","") | AX21: =IF(Data!U48="x","✓","") | AY21: =IF(Data!U49="x","✓","") | AZ21: =IF(Data!U50="x","✓","") | BA21: =IF(Data!U51="x","✓","") | BB21: =IF(Data!U52="x","✓","") | BC21: =IF(Data!U53="x","✓","") | BD21: =IF(Data!U54="x","✓","") | BE21: =IF(Data!U55="x","✓","") | BF21: =IF(Data!U56="x","✓","") | BG21: =IF(Data!U57="x","✓","") | BH21: =IF(Data!U58="x","✓","") | BI21: =IF(Data!U59="x","✓","") | BJ21: =IF(Data!U60="x","✓","") | BK21: =IF(Data!U61="x","✓","")
B22: Eau Claire | C22: =COUNTIF(Data!V2:V61,"x") -> 6 | D22: =IF(Data!V2="x","✓","") | E22: =IF(Data!V3="x","✓","") | F22: =IF(Data!V4="x","✓","") | G22: =IF(Data!V5="x","✓","") | H22: =IF(Data!V6="x","✓","") | I22: =IF(Data!V7="x","✓","") | J22: =IF(Data!V8="x","✓","") | K22: =IF(Data!V9="x","✓","") | L22: =IF(Data!V10="x","✓","") | M22: =IF(Data!V11="x","✓","") | N22: =IF(Data!V12="x","✓","") | O22: =IF(Data!V13="x","✓","") | P22: =IF(Data!V14="x","✓","") | Q22: =IF(Data!V15="x","✓","") | R22: =IF(Data!V16="x","✓","") | S22: =IF(Data!V17="x","✓","") | T22: =IF(Data!V18="x","✓","") | U22: =IF(Data!V19="x","✓","") | V22: =IF(Data!V20="x","✓","") | W22: =IF(Data!V21="x","✓","") | X22: =IF(Data!V22="x","✓","") | Y22: =IF(Data!V23="x","✓","") | Z22: =IF(Data!V24="x","✓","") | AA22: =IF(Data!V25="x","✓","") | AB22: =IF(Data!V26="x","✓","") | AC22: =IF(Data!V27="x","✓","") | AD22: =IF(Data!V28="x","✓","") | AE22: =IF(Data!V29="x","✓","") -> ✓ | AF22: =IF(Data!V30="x","✓","") | AG22: =IF(Data!V31="x","✓","") | AH22: =IF(Data!V32="x","✓","") | AI22: =IF(Data!V33="x","✓","") -> ✓ | AJ22: =IF(Data!V34="x","✓","") | AK22: =IF(Data!V35="x","✓","") | AL22: =IF(Data!V36="x","✓","") -> ✓ | AM22: =IF(Data!V37="x","✓","") | AN22: =IF(Data!V38="x","✓","") -> ✓ | AO22: =IF(Data!V39="x","✓","") -> ✓ | AP22: =IF(Data!V40="x","✓","") | AQ22: =IF(Data!V41="x","✓","") | AR22: =IF(Data!V42="x","✓","") -> ✓ | AS22: =IF(Data!V43="x","✓","") | AT22: =IF(Data!V44="x","✓","") | AU22: =IF(Data!V45="x","✓","") | AV22: =IF(Data!V46="x","✓","") | AW22: =IF(Data!V47="x","✓","") | AX22: =IF(Data!V48="x","✓","") | AY22: =IF(Data!V49="x","✓","") | AZ22: =IF(Data!V50="x","✓","") | BA22: =IF(Data!V51="x","✓","") | BB22: =IF(Data!V52="x","✓","") | BC22: =IF(Data!V53="x","✓","") | BD22: =IF(Data!V54="x","✓","") | BE22: =IF(Data!V55="x","✓","") | BF22: =IF(Data!V56="x","✓","") | BG22: =IF(Data!V57="x","✓","") | BH22: =IF(Data!V58="x","✓","") | BI22: =IF(Data!V59="x","✓","") | BJ22: =IF(Data!V60="x","✓","") | BK22: =IF(Data!V61="x","✓","")
B23: Florence | C23: =COUNTIF(Data!W2:W61,"x") -> 4 | D23: =IF(Data!W2="x","✓","") | E23: =IF(Data!W3="x","✓","") | F23: =IF(Data!W4="x","✓","") | G23: =IF(Data!W5="x","✓","") | H23: =IF(Data!W6="x","✓","") | I23: =IF(Data!W7="x","✓","") | J23: =IF(Data!W8="x","✓","") | K23: =IF(Data!W9="x","✓","") | L23: =IF(Data!W10="x","✓","") | M23: =IF(Data!W11="x","✓","") | N23: =IF(Data!W12="x","✓","") | O23: =IF(Data!W13="x","✓","") | P23: =IF(Data!W14="x","✓","") | Q23: =IF(Data!W15="x","✓","") | R23: =IF(Data!W16="x","✓","") | S23: =IF(Data!W17="x","✓","") | T23: =IF(Data!W18="x","✓","") | U23: =IF(Data!W19="x","✓","") | V23: =IF(Data!W20="x","✓","") | W23: =IF(Data!W21="x","✓","") | X23: =IF(Data!W22="x","✓","") | Y23: =IF(Data!W23="x","✓","") | Z23: =IF(Data!W24="x","✓","") | AA23: =IF(Data!W25="x","✓","") | AB23: =IF(Data!W26="x","✓","") | AC23: =IF(Data!W27="x","✓","") | AD23: =IF(Data!W28="x","✓","") | AE23: =IF(Data!W29="x","✓","") | AF23: =IF(Data!W30="x","✓","") -> ✓ | AG23: =IF(Data!W31="x","✓","") | AH23: =IF(Data!W32="x","✓","") -> ✓ | AI23: =IF(Data!W33="x","✓","") | AJ23: =IF(Data!W34="x","✓","") | AK23: =IF(Data!W35="x","✓","") | AL23: =IF(Data!W36="x","✓","") -> ✓ | AM23: =IF(Data!W37="x","✓","") | AN23: =IF(Data!W38="x","✓","") | AO23: =IF(Data!W39="x","✓","") | AP23: =IF(Data!W40="x","✓","") | AQ23: =IF(Data!W41="x","✓","") | AR23: =IF(Data!W42="x","✓","") -> ✓ | AS23: =IF(Data!W43="x","✓","") | AT23: =IF(Data!W44="x","✓","") | AU23: =IF(Data!W45="x","✓","") | AV23: =IF(Data!W46="x","✓","") | AW23: =IF(Data!W47="x","✓","") | AX23: =IF(Data!W48="x","✓","") | AY23: =IF(Data!W49="x","✓","") | AZ23: =IF(Data!W50="x","✓","") | BA23: =IF(Data!W51="x","✓","") | BB23: =IF(Data!W52="x","✓","") | BC23: =IF(Data!W53="x","✓","") | BD23: =IF(Data!W54="x","✓","") | BE23: =IF(Data!W55="x","✓","") | BF23: =IF(Data!W56="x","✓","") | BG23: =IF(Data!W57="x","✓","") | BH23: =IF(Data!W58="x","✓","") | BI23: =IF(Data!W59="x","✓","") | BJ23: =IF(Data!W60="x","✓","") | BK23: =IF(Data!W61="x","✓","")
B24: Fond du Lac | C24: =COUNTIF(Data!X2:X61,"x") -> 6 | D24: =IF(Data!X2="x","✓","") | E24: =IF(Data!X3="x","✓","") | F24: =IF(Data!X4="x","✓","") | G24: =IF(Data!X5="x","✓","") | H24: =IF(Data!X6="x","✓","") | I24: =IF(Data!X7="x","✓","") | J24: =IF(Data!X8="x","✓","") | K24: =IF(Data!X9="x","✓","") | L24: =IF(Data!X10="x","✓","") | M24: =IF(Data!X11="x","✓","") | N24: =IF(Data!X12="x","✓","") | O24: =IF(Data!X13="x","✓","") | P24: =IF(Data!X14="x","✓","") | Q24: =IF(Data!X15="x","✓","") -> ✓ | R24: =IF(Data!X16="x","✓","") | S24: =IF(Data!X17="x","✓","") | T24: =IF(Data!X18="x","✓","") | U24: =IF(Data!X19="x","✓","") | V24: =IF(Data!X20="x","✓","") | W24: =IF(Data!X21="x","✓","") | X24: =IF(Data!X22="x","✓","") | Y24: =IF(Data!X23="x","✓","") | Z24: =IF(Data!X24="x","✓","") | AA24: =IF(Data!X25="x","✓","") | AB24: =IF(Data!X26="x","✓","") | AC24: =IF(Data!X27="x","✓","") | AD24: =IF(Data!X28="x","✓","") | AE24: =IF(Data!X29="x","✓","") | AF24: =IF(Data!X30="x","✓","") -> ✓ | AG24: =IF(Data!X31="x","✓","") -> ✓ | AH24: =IF(Data!X32="x","✓","") | AI24: =IF(Data!X33="x","✓","") | AJ24: =IF(Data!X34="x","✓","") | AK24: =IF(Data!X35="x","✓","") -> ✓ | AL24: =IF(Data!X36="x","✓","") | AM24: =IF(Data!X37="x","✓","") | AN24: =IF(Data!X38="x","✓","") | AO24: =IF(Data!X39="x","✓","") | AP24: =IF(Data!X40="x","✓","") -> ✓ | AQ24: =IF(Data!X41="x","✓","") | AR24: =IF(Data!X42="x","✓","") -> ✓ | AS24: =IF(Data!X43="x","✓","") | AT24: =IF(Data!X44="x","✓","") | AU24: =IF(Data!X45="x","✓","") | AV24: =IF(Data!X46="x","✓","") | AW24: =IF(Data!X47="x","✓","") | AX24: =IF(Data!X48="x","✓","") | AY24: =IF(Data!X49="x","✓","") | AZ24: =IF(Data!X50="x","✓","") | BA24: =IF(Data!X51="x","✓","") | BB24: =IF(Data!X52="x","✓","") | BC24: =IF(Data!X53="x","✓","") | BD24: =IF(Data!X54="x","✓","") | BE24: =IF(Data!X55="x","✓","") | BF24: =IF(Data!X56="x","✓","") | BG24: =IF(Data!X57="x","✓","") | BH24: =IF(Data!X58="x","✓","") | BI24: =IF(Data!X59="x","✓","") | BJ24: =IF(Data!X60="x","✓","") | BK24: =IF(Data!X61="x","✓","")
B25: Forest | C25: =COUNTIF(Data!Y2:Y61,"x") -> 4 | D25: =IF(Data!Y2="x","✓","") | E25: =IF(Data!Y3="x","✓","") | F25: =IF(Data!Y4="x","✓","") | G25: =IF(Data!Y5="x","✓","") | H25: =IF(Data!Y6="x","✓","") | I25: =IF(Data!Y7="x","✓","") | J25: =IF(Data!Y8="x","✓","") | K25: =IF(Data!Y9="x","✓","") | L25: =IF(Data!Y10="x","✓","") | M25: =IF(Data!Y11="x","✓","") | N25: =IF(Data!Y12="x","✓","") | O25: =IF(Data!Y13="x","✓","") | P25: =IF(Data!Y14="x","✓","") | Q25: =IF(Data!Y15="x","✓","") | R25: =IF(Data!Y16="x","✓","") | S25: =IF(Data!Y17="x","✓","") | T25: =IF(Data!Y18="x","✓","") | U25: =IF(Data!Y19="x","✓","") | V25: =IF(Data!Y20="x","✓","") | W25: =IF(Data!Y21="x","✓","") | X25: =IF(Data!Y22="x","✓","") | Y25: =IF(Data!Y23="x","✓","") | Z25: =IF(Data!Y24="x","✓","") | AA25: =IF(Data!Y25="x","✓","") | AB25: =IF(Data!Y26="x","✓","") | AC25: =IF(Data!Y27="x","✓","") | AD25: =IF(Data!Y28="x","✓","") | AE25: =IF(Data!Y29="x","✓","") | AF25: =IF(Data!Y30="x","✓","") -> ✓ | AG25: =IF(Data!Y31="x","✓","") | AH25: =IF(Data!Y32="x","✓","") -> ✓ | AI25: =IF(Data!Y33="x","✓","") | AJ25: =IF(Data!Y34="x","✓","") | AK25: =IF(Data!Y35="x","✓","") | AL25: =IF(Data!Y36="x","✓","") -> ✓ | AM25: =IF(Data!Y37="x","✓","") | AN25: =IF(Data!Y38="x","✓","") | AO25: =IF(Data!Y39="x","✓","") | AP25: =IF(Data!Y40="x","✓","") | AQ25: =IF(Data!Y41="x","✓","") | AR25: =IF(Data!Y42="x","✓","") -> ✓ | AS25: =IF(Data!Y43="x","✓","") | AT25: =IF(Data!Y44="x","✓","") | AU25: =IF(Data!Y45="x","✓","") | AV25: =IF(Data!Y46="x","✓","") | AW25: =IF(Data!Y47="x","✓","") | AX25: =IF(Data!Y48="x","✓","") | AY25: =IF(Data!Y49="x","✓","") | AZ25: =IF(Data!Y50="x","✓","") | BA25: =IF(Data!Y51="x","✓","") | BB25: =IF(Data!Y52="x","✓","") | BC25: =IF(Data!Y53="x","✓","") | BD25: =IF(Data!Y54="x","✓","") | BE25: =IF(Data!Y55="x","✓","") | BF25: =IF(Data!Y56="x","✓","") | BG25: =IF(Data!Y57="x","✓","") | BH25: =IF(Data!Y58="x","✓","") | BI25: =IF(Data!Y59="x","✓","") | BJ25: =IF(Data!Y60="x","✓","") | BK25: =IF(Data!Y61="x","✓","")
B26: Grant | C26: =COUNTIF(Data!Z2:Z61,"x") -> 11 | D26: =IF(Data!Z2="x","✓","") -> ✓ | E26: =IF(Data!Z3="x","✓","") -> ✓ | F26: =IF(Data!Z4="x","✓","") | G26: =IF(Data!Z5="x","✓","") | H26: =IF(Data!Z6="x","✓","") | I26: =IF(Data!Z7="x","✓","") | J26: =IF(Data!Z8="x","✓","") | K26: =IF(Data!Z9="x","✓","") | L26: =IF(Data!Z10="x","✓","") | M26: =IF(Data!Z11="x","✓","") | N26: =IF(Data!Z12="x","✓","") -> ✓ | O26: =IF(Data!Z13="x","✓","") | P26: =IF(Data!Z14="x","✓","") | Q26: =IF(Data!Z15="x","✓","") | R26: =IF(Data!Z16="x","✓","") | S26: =IF(Data!Z17="x","✓","") | T26: =IF(Data!Z18="x","✓","") | U26: =IF(Data!Z19="x","✓","") | V26: =IF(Data!Z20="x","✓","") -> ✓ | W26: =IF(Data!Z21="x","✓","") -> ✓ | X26: =IF(Data!Z22="x","✓","") | Y26: =IF(Data!Z23="x","✓","") | Z26: =IF(Data!Z24="x","✓","") | AA26: =IF(Data!Z25="x","✓","") -> ✓ | AB26: =IF(Data!Z26="x","✓","") -> ✓ | AC26: =IF(Data!Z27="x","✓","") -> ✓ | AD26: =IF(Data!Z28="x","✓","") | AE26: =IF(Data!Z29="x","✓","") | AF26: =IF(Data!Z30="x","✓","") | AG26: =IF(Data!Z31="x","✓","") | AH26: =IF(Data!Z32="x","✓","") | AI26: =IF(Data!Z33="x","✓","") | AJ26: =IF(Data!Z34="x","✓","") | AK26: =IF(Data!Z35="x","✓","") | AL26: =IF(Data!Z36="x","✓","") | AM26: =IF(Data!Z37="x","✓","") -> ✓ | AN26: =IF(Data!Z38="x","✓","") | AO26: =IF(Data!Z39="x","✓","") | AP26: =IF(Data!Z40="x","✓","") | AQ26: =IF(Data!Z41="x","✓","") -> ✓ | AR26: =IF(Data!Z42="x","✓","") -> ✓ | AS26: =IF(Data!Z43="x","✓","") | AT26: =IF(Data!Z44="x","✓","") | AU26: =IF(Data!Z45="x","✓","") | AV26: =IF(Data!Z46="x","✓","") | AW26: =IF(Data!Z47="x","✓","") | AX26: =IF(Data!Z48="x","✓","") | AY26: =IF(Data!Z49="x","✓","") | AZ26: =IF(Data!Z50="x","✓","") | BA26: =IF(Data!Z51="x","✓","") | BB26: =IF(Data!Z52="x","✓","") | BC26: =IF(Data!Z53="x","✓","") | BD26: =IF(Data!Z54="x","✓","") | BE26: =IF(Data!Z55="x","✓","") | BF26: =IF(Data!Z56="x","✓","") | BG26: =IF(Data!Z57="x","✓","") | BH26: =IF(Data!Z58="x","✓","") | BI26: =IF(Data!Z59="x","✓","") | BJ26: =IF(Data!Z60="x","✓","") | BK26: =IF(Data!Z61="x","✓","")
B27: Green | C27: =COUNTIF(Data!AA2:AA61,"x") -> 13 | D27: =IF(Data!AA2="x","✓","") -> ✓ | E27: =IF(Data!AA3="x","✓","") -> ✓ | F27: =IF(Data!AA4="x","✓","") -> ✓ | G27: =IF(Data!AA5="x","✓","") | H27: =IF(Data!AA6="x","✓","") | I27: =IF(Data!AA7="x","✓","") | J27: =IF(Data!AA8="x","✓","") | K27: =IF(Data!AA9="x","✓","") -> ✓ | L27: =IF(Data!AA10="x","✓","") | M27: =IF(Data!AA11="x","✓","") | N27: =IF(Data!AA12="x","✓","") | O27: =IF(Data!AA13="x","✓","") | P27: =IF(Data!AA14="x","✓","") | Q27: =IF(Data!AA15="x","✓","") | R27: =IF(Data!AA16="x","✓","") | S27: =IF(Data!AA17="x","✓","") | T27: =IF(Data!AA18="x","✓","") | U27: =IF(Data!AA19="x","✓","") | V27: =IF(Data!AA20="x","✓","") -> ✓ | W27: =IF(Data!AA21="x","✓","") -> ✓ | X27: =IF(Data!AA22="x","✓","") | Y27: =IF(Data!AA23="x","✓","") | Z27: =IF(Data!AA24="x","✓","") -> ✓ | AA27: =IF(Data!AA25="x","✓","") -> ✓ | AB27: =IF(Data!AA26="x","✓","") -> ✓ | AC27: =IF(Data!AA27="x","✓","") -> ✓ | AD27: =IF(Data!AA28="x","✓","") | AE27: =IF(Data!AA29="x","✓","") | AF27: =IF(Data!AA30="x","✓","") | AG27: =IF(Data!AA31="x","✓","") | AH27: =IF(Data!AA32="x","✓","") | AI27: =IF(Data!AA33="x","✓","") | AJ27: =IF(Data!AA34="x","✓","") | AK27: =IF(Data!AA35="x","✓","") | AL27: =IF(Data!AA36="x","✓","") | AM27: =IF(Data!AA37="x","✓","") -> ✓ | AN27: =IF(Data!AA38="x","✓","") | AO27: =IF(Data!AA39="x","✓","") | AP27: =IF(Data!AA40="x","✓","") | AQ27: =IF(Data!AA41="x","✓","") -> ✓ | AR27: =IF(Data!AA42="x","✓","") -> ✓ | AS27: =IF(Data!AA43="x","✓","") | AT27: =IF(Data!AA44="x","✓","") | AU27: =IF(Data!AA45="x","✓","") | AV27: =IF(Data!AA46="x","✓","") | AW27: =IF(Data!AA47="x","✓","") | AX27: =IF(Data!AA48="x","✓","") | AY27: =IF(Data!AA49="x","✓","") | AZ27: =IF(Data!AA50="x","✓","") | BA27: =IF(Data!AA51="x","✓","") | BB27: =IF(Data!AA52="x","✓","") | BC27: =IF(Data!AA53="x","✓","") | BD27: =IF(Data!AA54="x","✓","") | BE27: =IF(Data!AA55="x","✓","") | BF27: =IF(Data!AA56="x","✓","") | BG27: =IF(Data!AA57="x","✓","") | BH27: =IF(Data!AA58="x","✓","") | BI27: =IF(Data!AA59="x","✓","") | BJ27: =IF(Data!AA60="x","✓","") | BK27: =IF(Data!AA61="x","✓","")
B28: Green Lake | C28: =COUNTIF(Data!AB2:AB61,"x") -> 5 | D28: =IF(Data!AB2="x","✓","") | E28: =IF(Data!AB3="x","✓","") | F28: =IF(Data!AB4="x","✓","") | G28: =IF(Data!AB5="x","✓","") | H28: =IF(Data!AB6="x","✓","") | I28: =IF(Data!AB7="x","✓","") | J28: =IF(Data!AB8="x","✓","") | K28: =IF(Data!AB9="x","✓","") | L28: =IF(Data!AB10="x","✓","") | M28: =IF(Data!AB11="x","✓","") | N28: =IF(Data!AB12="x","✓","") | O28: =IF(Data!AB13="x","✓","") | P28: =IF(Data!AB14="x","✓","") | Q28: =IF(Data!AB15="x","✓","") -> ✓ | R28: =IF(Data!AB16="x","✓","") | S28: =IF(Data!AB17="x","✓","") | T28: =IF(Data!AB18="x","✓","") | U28: =IF(Data!AB19="x","✓","") | V28: =IF(Data!AB20="x","✓","") | W28: =IF(Data!AB21="x","✓","") | X28: =IF(Data!AB22="x","✓","") | Y28: =IF(Data!AB23="x","✓","") | Z28: =IF(Data!AB24="x","✓","") | AA28: =IF(Data!AB25="x","✓","") | AB28: =IF(Data!AB26="x","✓","") | AC28: =IF(Data!AB27="x","✓","") | AD28: =IF(Data!AB28="x","✓","") | AE28: =IF(Data!AB29="x","✓","") | AF28: =IF(Data!AB30="x","✓","") -> ✓ | AG28: =IF(Data!AB31="x","✓","") | AH28: =IF(Data!AB32="x","✓","") | AI28: =IF(Data!AB33="x","✓","") | AJ28: =IF(Data!AB34="x","✓","") | AK28: =IF(Data!AB35="x","✓","") -> ✓ | AL28: =IF(Data!AB36="x","✓","") | AM28: =IF(Data!AB37="x","✓","") | AN28: =IF(Data!AB38="x","✓","") | AO28: =IF(Data!AB39="x","✓","") | AP28: =IF(Data!AB40="x","✓","") -> ✓ | AQ28: =IF(Data!AB41="x","✓","") | AR28: =IF(Data!AB42="x","✓","") -> ✓ | AS28: =IF(Data!AB43="x","✓","") | AT28: =IF(Data!AB44="x","✓","") | AU28: =IF(Data!AB45="x","✓","") | AV28: =IF(Data!AB46="x","✓","") | AW28: =IF(Data!AB47="x","✓","") | AX28: =IF(Data!AB48="x","✓","") | AY28: =IF(Data!AB49="x","✓","") | AZ28: =IF(Data!AB50="x","✓","") | BA28: =IF(Data!AB51="x","✓","") | BB28: =IF(Data!AB52="x","✓","") | BC28: =IF(Data!AB53="x","✓","") | BD28: =IF(Data!AB54="x","✓","") | BE28: =IF(Data!AB55="x","✓","") | BF28: =IF(Data!AB56="x","✓","") | BG28: =IF(Data!AB57="x","✓","") | BH28: =IF(Data!AB58="x","✓","") | BI28: =IF(Data!AB59="x","✓","") | BJ28: =IF(Data!AB60="x","✓","") | BK28: =IF(Data!AB61="x","✓","")
B29: Iowa | C29: =COUNTIF(Data!AC2:AC61,"x") -> 10 | D29: =IF(Data!AC2="x","✓","") -> ✓ | E29: =IF(Data!AC3="x","✓","") -> ✓ | F29: =IF(Data!AC4="x","✓","") | G29: =IF(Data!AC5="x","✓","") | H29: =IF(Data!AC6="x","✓","") | I29: =IF(Data!AC7="x","✓","") | J29: =IF(Data!AC8="x","✓","") | K29: =IF(Data!AC9="x","✓","") | L29: =IF(Data!AC10="x","✓","") | M29: =IF(Data!AC11="x","✓","") | N29: =IF(Data!AC12="x","✓","") | O29: =IF(Data!AC13="x","✓","") | P29: =IF(Data!AC14="x","✓","") | Q29: =IF(Data!AC15="x","✓","") | R29: =IF(Data!AC16="x","✓","") | S29: =IF(Data!AC17="x","✓","") | T29: =IF(Data!AC18="x","✓","") | U29: =IF(Data!AC19="x","✓","") | V29: =IF(Data!AC20="x","✓","") -> ✓ | W29: =IF(Data!AC21="x","✓","") -> ✓ | X29: =IF(Data!AC22="x","✓","") | Y29: =IF(Data!AC23="x","✓","") | Z29: =IF(Data!AC24="x","✓","") | AA29: =IF(Data!AC25="x","✓","") -> ✓ | AB29: =IF(Data!AC26="x","✓","") -> ✓ | AC29: =IF(Data!AC27="x","✓","") -> ✓ | AD29: =IF(Data!AC28="x","✓","") | AE29: =IF(Data!AC29="x","✓","") | AF29: =IF(Data!AC30="x","✓","") | AG29: =IF(Data!AC31="x","✓","") | AH29: =IF(Data!AC32="x","✓","") | AI29: =IF(Data!AC33="x","✓","") | AJ29: =IF(Data!AC34="x","✓","") | AK29: =IF(Data!AC35="x","✓","") | AL29: =IF(Data!AC36="x","✓","") | AM29: =IF(Data!AC37="x","✓","") -> ✓ | AN29: =IF(Data!AC38="x","✓","") | AO29: =IF(Data!AC39="x","✓","") | AP29: =IF(Data!AC40="x","✓","") | AQ29: =IF(Data!AC41="x","✓","") -> ✓ | AR29: =IF(Data!AC42="x","✓","") -> ✓ | AS29: =IF(Data!AC43="x","✓","") | AT29: =IF(Data!AC44="x","✓","") | AU29: =IF(Data!AC45="x","✓","") | AV29: =IF(Data!AC46="x","✓","") | AW29: =IF(Data!AC47="x","✓","") | AX29: =IF(Data!AC48="x","✓","") | AY29: =IF(Data!AC49="x","✓","") | AZ29: =IF(Data!AC50="x","✓","") | BA29: =IF(Data!AC51="x","✓","") | BB29: =IF(Data!AC52="x","✓","") | BC29: =IF(Data!AC53="x","✓","") | BD29: =IF(Data!AC54="x","✓","") | BE29: =IF(Data!AC55="x","✓","") | BF29: =IF(Data!AC56="x","✓","") | BG29: =IF(Data!AC57="x","✓","") | BH29: =IF(Data!AC58="x","✓","") | BI29: =IF(Data!AC59="x","✓","") | BJ29: =IF(Data!AC60="x","✓","") | BK29: =IF(Data!AC61="x","✓","")
B30: Iron | C30: =COUNTIF(Data!AD2:AD61,"x") -> 5 | D30: =IF(Data!AD2="x","✓","") | E30: =IF(Data!AD3="x","✓","") | F30: =IF(Data!AD4="x","✓","") | G30: =IF(Data!AD5="x","✓","") | H30: =IF(Data!AD6="x","✓","") | I30: =IF(Data!AD7="x","✓","") | J30: =IF(Data!AD8="x","✓","") | K30: =IF(Data!AD9="x","✓","") | L30: =IF(Data!AD10="x","✓","") | M30: =IF(Data!AD11="x","✓","") | N30: =IF(Data!AD12="x","✓","") | O30: =IF(Data!AD13="x","✓","") | P30: =IF(Data!AD14="x","✓","") | Q30: =IF(Data!AD15="x","✓","") | R30: =IF(Data!AD16="x","✓","") | S30: =IF(Data!AD17="x","✓","") | T30: =IF(Data!AD18="x","✓","") | U30: =IF(Data!AD19="x","✓","") | V30: =IF(Data!AD20="x","✓","") | W30: =IF(Data!AD21="x","✓","") | X30: =IF(Data!AD22="x","✓","") | Y30: =IF(Data!AD23="x","✓","") | Z30: =IF(Data!AD24="x","✓","") | AA30: =IF(Data!AD25="x","✓","") | AB30: =IF(Data!AD26="x","✓","") | AC30: =IF(Data!AD27="x","✓","") | AD30: =IF(Data!AD28="x","✓","") | AE30: =IF(Data!AD29="x","✓","") -> ✓ | AF30: =IF(Data!AD30="x","✓","") | AG30: =IF(Data!AD31="x","✓","") | AH30: =IF(Data!AD32="x","✓","") | AI30: =IF(Data!AD33="x","✓","") | AJ30: =IF(Data!AD34="x","✓","") | AK30: =IF(Data!AD35="x","✓","") | AL30: =IF(Data!AD36="x","✓","") -> ✓ | AM30: =IF(Data!AD37="x","✓","") | AN30: =IF(Data!AD38="x","✓","") -> ✓ | AO30: =IF(Data!AD39="x","✓","") -> ✓ | AP30: =IF(Data!AD40="x","✓","") | AQ30: =IF(Data!AD41="x","✓","") | AR30: =IF(Data!AD42="x","✓","") -> ✓ | AS30: =IF(Data!AD43="x","✓","") | AT30: =IF(Data!AD44="x","✓","") | AU30: =IF(Data!AD45="x","✓","") | AV30: =IF(Data!AD46="x","✓","") | AW30: =IF(Data!AD47="x","✓","") | AX30: =IF(Data!AD48="x","✓","") | AY30: =IF(Data!AD49="x","✓","") | AZ30: =IF(Data!AD50="x","✓","") | BA30: =IF(Data!AD51="x","✓","") | BB30: =IF(Data!AD52="x","✓","") | BC30: =IF(Data!AD53="x","✓","") | BD30: =IF(Data!AD54="x","✓","") | BE30: =IF(Data!AD55="x","✓","") | BF30: =IF(Data!AD56="x","✓","") | BG30: =IF(Data!AD57="x","✓","") | BH30: =IF(Data!AD58="x","✓","") | BI30: =IF(Data!AD59="x","✓","") | BJ30: =IF(Data!AD60="x","✓","") | BK30: =IF(Data!AD61="x","✓","")
B31: Jackson | C31: =COUNTIF(Data!AE2:AE61,"x") -> 7 | D31: =IF(Data!AE2="x","✓","") | E31: =IF(Data!AE3="x","✓","") | F31: =IF(Data!AE4="x","✓","") | G31: =IF(Data!AE5="x","✓","") | H31: =IF(Data!AE6="x","✓","") | I31: =IF(Data!AE7="x","✓","") | J31: =IF(Data!AE8="x","✓","") | K31: =IF(Data!AE9="x","✓","") | L31: =IF(Data!AE10="x","✓","") | M31: =IF(Data!AE11="x","✓","") | N31: =IF(Data!AE12="x","✓","") | O31: =IF(Data!AE13="x","✓","") | P31: =IF(Data!AE14="x","✓","") | Q31: =IF(Data!AE15="x","✓","") | R31: =IF(Data!AE16="x","✓","") | S31: =IF(Data!AE17="x","✓","") | T31: =IF(Data!AE18="x","✓","") | U31: =IF(Data!AE19="x","✓","") -> ✓ | V31: =IF(Data!AE20="x","✓","") | W31: =IF(Data!AE21="x","✓","") | X31: =IF(Data!AE22="x","✓","") | Y31: =IF(Data!AE23="x","✓","") | Z31: =IF(Data!AE24="x","✓","") | AA31: =IF(Data!AE25="x","✓","") | AB31: =IF(Data!AE26="x","✓","") | AC31: =IF(Data!AE27="x","✓","") -> ✓ | AD31: =IF(Data!AE28="x","✓","") | AE31: =IF(Data!AE29="x","✓","") | AF31: =IF(Data!AE30="x","✓","") | AG31: =IF(Data!AE31="x","✓","") | AH31: =IF(Data!AE32="x","✓","") | AI31: =IF(Data!AE33="x","✓","") -> ✓ | AJ31: =IF(Data!AE34="x","✓","") | AK31: =IF(Data!AE35="x","✓","") | AL31: =IF(Data!AE36="x","✓","") -> ✓ | AM31: =IF(Data!AE37="x","✓","") | AN31: =IF(Data!AE38="x","✓","") -> ✓ | AO31: =IF(Data!AE39="x","✓","") -> ✓ | AP31: =IF(Data!AE40="x","✓","") | AQ31: =IF(Data!AE41="x","✓","") | AR31: =IF(Data!AE42="x","✓","") -> ✓ | AS31: =IF(Data!AE43="x","✓","") | AT31: =IF(Data!AE44="x","✓","") | AU31: =IF(Data!AE45="x","✓","") | AV31: =IF(Data!AE46="x","✓","") | AW31: =IF(Data!AE47="x","✓","") | AX31: =IF(Data!AE48="x","✓","") | AY31: =IF(Data!AE49="x","✓","") | AZ31: =IF(Data!AE50="x","✓","") | BA31: =IF(Data!AE51="x","✓","") | BB31: =IF(Data!AE52="x","✓","") | BC31: =IF(Data!AE53="x","✓","") | BD31: =IF(Data!AE54="x","✓","") | BE31: =IF(Data!AE55="x","✓","") | BF31: =IF(Data!AE56="x","✓","") | BG31: =IF(Data!AE57="x","✓","") | BH31: =IF(Data!AE58="x","✓","") | BI31: =IF(Data!AE59="x","✓","") | BJ31: =IF(Data!AE60="x","✓","") | BK31: =IF(Data!AE61="x","✓","")
B32: Jefferson | C32: =COUNTIF(Data!AF2:AF61,"x") -> 11 | D32: =IF(Data!AF2="x","✓","") -> ✓ | E32: =IF(Data!AF3="x","✓","") -> ✓ | F32: =IF(Data!AF4="x","✓","") | G32: =IF(Data!AF5="x","✓","") | H32: =IF(Data!AF6="x","✓","") | I32: =IF(Data!AF7="x","✓","") | J32: =IF(Data!AF8="x","✓","") | K32: =IF(Data!AF9="x","✓","") | L32: =IF(Data!AF10="x","✓","") | M32: =IF(Data!AF11="x","✓","") | N32: =IF(Data!AF12="x","✓","") | O32: =IF(Data!AF13="x","✓","") | P32: =IF(Data!AF14="x","✓","") | Q32: =IF(Data!AF15="x","✓","") | R32: =IF(Data!AF16="x","✓","") -> ✓ | S32: =IF(Data!AF17="x","✓","") | T32: =IF(Data!AF18="x","✓","") | U32: =IF(Data!AF19="x","✓","") | V32: =IF(Data!AF20="x","✓","") -> ✓ | W32: =IF(Data!AF21="x","✓","") -> ✓ | X32: =IF(Data!AF22="x","✓","") | Y32: =IF(Data!AF23="x","✓","") | Z32: =IF(Data!AF24="x","✓","") | AA32: =IF(Data!AF25="x","✓","") -> ✓ | AB32: =IF(Data!AF26="x","✓","") -> ✓ | AC32: =IF(Data!AF27="x","✓","") | AD32: =IF(Data!AF28="x","✓","") -> ✓ | AE32: =IF(Data!AF29="x","✓","") | AF32: =IF(Data!AF30="x","✓","") | AG32: =IF(Data!AF31="x","✓","") | AH32: =IF(Data!AF32="x","✓","") | AI32: =IF(Data!AF33="x","✓","") | AJ32: =IF(Data!AF34="x","✓","") | AK32: =IF(Data!AF35="x","✓","") | AL32: =IF(Data!AF36="x","✓","") | AM32: =IF(Data!AF37="x","✓","") -> ✓ | AN32: =IF(Data!AF38="x","✓","") | AO32: =IF(Data!AF39="x","✓","") | AP32: =IF(Data!AF40="x","✓","") -> ✓ | AQ32: =IF(Data!AF41="x","✓","") | AR32: =IF(Data!AF42="x","✓","") -> ✓ | AS32: =IF(Data!AF43="x","✓","") | AT32: =IF(Data!AF44="x","✓","") | AU32: =IF(Data!AF45="x","✓","") | AV32: =IF(Data!AF46="x","✓","") | AW32: =IF(Data!AF47="x","✓","") | AX32: =IF(Data!AF48="x","✓","") | AY32: =IF(Data!AF49="x","✓","") | AZ32: =IF(Data!AF50="x","✓","") | BA32: =IF(Data!AF51="x","✓","") | BB32: =IF(Data!AF52="x","✓","") | BC32: =IF(Data!AF53="x","✓","") | BD32: =IF(Data!AF54="x","✓","") | BE32: =IF(Data!AF55="x","✓","") | BF32: =IF(Data!AF56="x","✓","") | BG32: =IF(Data!AF57="x","✓","") | BH32: =IF(Data!AF58="x","✓","") | BI32: =IF(Data!AF59="x","✓","") | BJ32: =IF(Data!AF60="x","✓","") | BK32: =IF(Data!AF61="x","✓","")
B33: Juneau | C33: =COUNTIF(Data!AG2:AG61,"x") -> 5 | D33: =IF(Data!AG2="x","✓","") | E33: =IF(Data!AG3="x","✓","") | F33: =IF(Data!AG4="x","✓","") | G33: =IF(Data!AG5="x","✓","") | H33: =IF(Data!AG6="x","✓","") | I33: =IF(Data!AG7="x","✓","") | J33: =IF(Data!AG8="x","✓","") | K33: =IF(Data!AG9="x","✓","") | L33: =IF(Data!AG10="x","✓","") | M33: =IF(Data!AG11="x","✓","") | N33: =IF(Data!AG12="x","✓","") | O33: =IF(Data!AG13="x","✓","") | P33: =IF(Data!AG14="x","✓","") | Q33: =IF(Data!AG15="x","✓","") | R33: =IF(Data!AG16="x","✓","") | S33: =IF(Data!AG17="x","✓","") | T33: =IF(Data!AG18="x","✓","") | U33: =IF(Data!AG19="x","✓","") | V33: =IF(Data!AG20="x","✓","") | W33: =IF(Data!AG21="x","✓","") | X33: =IF(Data!AG22="x","✓","") | Y33: =IF(Data!AG23="x","✓","") | Z33: =IF(Data!AG24="x","✓","") | AA33: =IF(Data!AG25="x","✓","") | AB33: =IF(Data!AG26="x","✓","") | AC33: =IF(Data!AG27="x","✓","") -> ✓ | AD33: =IF(Data!AG28="x","✓","") | AE33: =IF(Data!AG29="x","✓","") | AF33: =IF(Data!AG30="x","✓","") | AG33: =IF(Data!AG31="x","✓","") | AH33: =IF(Data!AG32="x","✓","") | AI33: =IF(Data!AG33="x","✓","") -> ✓ | AJ33: =IF(Data!AG34="x","✓","") | AK33: =IF(Data!AG35="x","✓","") | AL33: =IF(Data!AG36="x","✓","") | AM33: =IF(Data!AG37="x","✓","") -> ✓ | AN33: =IF(Data!AG38="x","✓","") | AO33: =IF(Data!AG39="x","✓","") | AP33: =IF(Data!AG40="x","✓","") | AQ33: =IF(Data!AG41="x","✓","") -> ✓ | AR33: =IF(Data!AG42="x","✓","") -> ✓ | AS33: =IF(Data!AG43="x","✓","") | AT33: =IF(Data!AG44="x","✓","") | AU33: =IF(Data!AG45="x","✓","") | AV33: =IF(Data!AG46="x","✓","") | AW33: =IF(Data!AG47="x","✓","") | AX33: =IF(Data!AG48="x","✓","") | AY33: =IF(Data!AG49="x","✓","") | AZ33: =IF(Data!AG50="x","✓","") | BA33: =IF(Data!AG51="x","✓","") | BB33: =IF(Data!AG52="x","✓","") | BC33: =IF(Data!AG53="x","✓","") | BD33: =IF(Data!AG54="x","✓","") | BE33: =IF(Data!AG55="x","✓","") | BF33: =IF(Data!AG56="x","✓","") | BG33: =IF(Data!AG57="x","✓","") | BH33: =IF(Data!AG58="x","✓","") | BI33: =IF(Data!AG59="x","✓","") | BJ33: =IF(Data!AG60="x","✓","") | BK33: =IF(Data!AG61="x","✓","")
B34: Kenosha | C34: =COUNTIF(Data!AH2:AH61,"x") -> 12 | D34: =IF(Data!AH2="x","✓","") -> ✓ | E34: =IF(Data!AH3="x","✓","") -> ✓ | F34: =IF(Data!AH4="x","✓","") | G34: =IF(Data!AH5="x","✓","") | H34: =IF(Data!AH6="x","✓","") | I34: =IF(Data!AH7="x","✓","") | J34: =IF(Data!AH8="x","✓","") | K34: =IF(Data!AH9="x","✓","") | L34: =IF(Data!AH10="x","✓","") | M34: =IF(Data!AH11="x","✓","") | N34: =IF(Data!AH12="x","✓","") | O34: =IF(Data!AH13="x","✓","") | P34: =IF(Data!AH14="x","✓","") | Q34: =IF(Data!AH15="x","✓","") | R34: =IF(Data!AH16="x","✓","") -> ✓ | S34: =IF(Data!AH17="x","✓","") -> ✓ | T34: =IF(Data!AH18="x","✓","") | U34: =IF(Data!AH19="x","✓","") | V34: =IF(Data!AH20="x","✓","") | W34: =IF(Data!AH21="x","✓","") -> ✓ | X34: =IF(Data!AH22="x","✓","") | Y34: =IF(Data!AH23="x","✓","") | Z34: =IF(Data!AH24="x","✓","") | AA34: =IF(Data!AH25="x","✓","") -> ✓ | AB34: =IF(Data!AH26="x","✓","") -> ✓ | AC34: =IF(Data!AH27="x","✓","") | AD34: =IF(Data!AH28="x","✓","") -> ✓ | AE34: =IF(Data!AH29="x","✓","") | AF34: =IF(Data!AH30="x","✓","") | AG34: =IF(Data!AH31="x","✓","") -> ✓ | AH34: =IF(Data!AH32="x","✓","") | AI34: =IF(Data!AH33="x","✓","") | AJ34: =IF(Data!AH34="x","✓","") | AK34: =IF(Data!AH35="x","✓","") | AL34: =IF(Data!AH36="x","✓","") | AM34: =IF(Data!AH37="x","✓","") -> ✓ | AN34: =IF(Data!AH38="x","✓","") | AO34: =IF(Data!AH39="x","✓","") | AP34: =IF(Data!AH40="x","✓","") -> ✓ | AQ34: =IF(Data!AH41="x","✓","") | AR34: =IF(Data!AH42="x","✓","") -> ✓ | AS34: =IF(Data!AH43="x","✓","") | AT34: =IF(Data!AH44="x","✓","") | AU34: =IF(Data!AH45="x","✓","") | AV34: =IF(Data!AH46="x","✓","") | AW34: =IF(Data!AH47="x","✓","") | AX34: =IF(Data!AH48="x","✓","") | AY34: =IF(Data!AH49="x","✓","") | AZ34: =IF(Data!AH50="x","✓","") | BA34: =IF(Data!AH51="x","✓","") | BB34: =IF(Data!AH52="x","✓","") | BC34: =IF(Data!AH53="x","✓","") | BD34: =IF(Data!AH54="x","✓","") | BE34: =IF(Data!AH55="x","✓","") | BF34: =IF(Data!AH56="x","✓","") | BG34: =IF(Data!AH57="x","✓","") | BH34: =IF(Data!AH58="x","✓","") | BI34: =IF(Data!AH59="x","✓","") | BJ34: =IF(Data!AH60="x","✓","") | BK34: =IF(Data!AH61="x","✓","")
B35: Kewaunee | C35: =COUNTIF(Data!AI2:AI61,"x") -> 5 | D35: =IF(Data!AI2="x","✓","") | E35: =IF(Data!AI3="x","✓","") | F35: =IF(Data!AI4="x","✓","") | G35: =IF(Data!AI5="x","✓","") | H35: =IF(Data!AI6="x","✓","") | I35: =IF(Data!AI7="x","✓","") | J35: =IF(Data!AI8="x","✓","") | K35: =IF(Data!AI9="x","✓","") | L35: =IF(Data!AI10="x","✓","") | M35: =IF(Data!AI11="x","✓","") | N35: =IF(Data!AI12="x","✓","") | O35: =IF(Data!AI13="x","✓","") | P35: =IF(Data!AI14="x","✓","") | Q35: =IF(Data!AI15="x","✓","") -> ✓ | R35: =IF(Data!AI16="x","✓","") | S35: =IF(Data!AI17="x","✓","") | T35: =IF(Data!AI18="x","✓","") | U35: =IF(Data!AI19="x","✓","") | V35: =IF(Data!AI20="x","✓","") | W35: =IF(Data!AI21="x","✓","") | X35: =IF(Data!AI22="x","✓","") | Y35: =IF(Data!AI23="x","✓","") | Z35: =IF(Data!AI24="x","✓","") | AA35: =IF(Data!AI25="x","✓","") | AB35: =IF(Data!AI26="x","✓","") | AC35: =IF(Data!AI27="x","✓","") | AD35: =IF(Data!AI28="x","✓","") | AE35: =IF(Data!AI29="x","✓","") | AF35: =IF(Data!AI30="x","✓","") -> ✓ | AG35: =IF(Data!AI31="x","✓","") | AH35: =IF(Data!AI32="x","✓","") -> ✓ | AI35: =IF(Data!AI33="x","✓","") | AJ35: =IF(Data!AI34="x","✓","") | AK35: =IF(Data!AI35="x","✓","") -> ✓ | AL35: =IF(Data!AI36="x","✓","") | AM35: =IF(Data!AI37="x","✓","") | AN35: =IF(Data!AI38="x","✓","") | AO35: =IF(Data!AI39="x","✓","") | AP35: =IF(Data!AI40="x","✓","") | AQ35: =IF(Data!AI41="x","✓","") | AR35: =IF(Data!AI42="x","✓","") -> ✓ | AS35: =IF(Data!AI43="x","✓","") | AT35: =IF(Data!AI44="x","✓","") | AU35: =IF(Data!AI45="x","✓","") | AV35: =IF(Data!AI46="x","✓","") | AW35: =IF(Data!AI47="x","✓","") | AX35: =IF(Data!AI48="x","✓","") | AY35: =IF(Data!AI49="x","✓","") | AZ35: =IF(Data!AI50="x","✓","") | BA35: =IF(Data!AI51="x","✓","") | BB35: =IF(Data!AI52="x","✓","") | BC35: =IF(Data!AI53="x","✓","") | BD35: =IF(Data!AI54="x","✓","") | BE35: =IF(Data!AI55="x","✓","") | BF35: =IF(Data!AI56="x","✓","") | BG35: =IF(Data!AI57="x","✓","") | BH35: =IF(Data!AI58="x","✓","") | BI35: =IF(Data!AI59="x","✓","") | BJ35: =IF(Data!AI60="x","✓","") | BK35: =IF(Data!AI61="x","✓","")
B36: La Crosse | C36: =COUNTIF(Data!AJ2:AJ61,"x") -> 7 | D36: =IF(Data!AJ2="x","✓","") | E36: =IF(Data!AJ3="x","✓","") | F36: =IF(Data!AJ4="x","✓","") | G36: =IF(Data!AJ5="x","✓","") | H36: =IF(Data!AJ6="x","✓","") | I36: =IF(Data!AJ7="x","✓","") | J36: =IF(Data!AJ8="x","✓","") | K36: =IF(Data!AJ9="x","✓","") | L36: =IF(Data!AJ10="x","✓","") | M36: =IF(Data!AJ11="x","✓","") | N36: =IF(Data!AJ12="x","✓","") | O36: =IF(Data!AJ13="x","✓","") | P36: =IF(Data!AJ14="x","✓","") | Q36: =IF(Data!AJ15="x","✓","") | R36: =IF(Data!AJ16="x","✓","") | S36: =IF(Data!AJ17="x","✓","") -> ✓ | T36: =IF(Data!AJ18="x","✓","") | U36: =IF(Data!AJ19="x","✓","") | V36: =IF(Data!AJ20="x","✓","") | W36: =IF(Data!AJ21="x","✓","") | X36: =IF(Data!AJ22="x","✓","") | Y36: =IF(Data!AJ23="x","✓","") | Z36: =IF(Data!AJ24="x","✓","") | AA36: =IF(Data!AJ25="x","✓","") | AB36: =IF(Data!AJ26="x","✓","") | AC36: =IF(Data!AJ27="x","✓","") -> ✓ | AD36: =IF(Data!AJ28="x","✓","") | AE36: =IF(Data!AJ29="x","✓","") | AF36: =IF(Data!AJ30="x","✓","") | AG36: =IF(Data!AJ31="x","✓","") | AH36: =IF(Data!AJ32="x","✓","") | AI36: =IF(Data!AJ33="x","✓","") -> ✓ | AJ36: =IF(Data!AJ34="x","✓","") | AK36: =IF(Data!AJ35="x","✓","") | AL36: =IF(Data!AJ36="x","✓","") -> ✓ | AM36: =IF(Data!AJ37="x","✓","") | AN36: =IF(Data!AJ38="x","✓","") -> ✓ | AO36: =IF(Data!AJ39="x","✓","") -> ✓ | AP36: =IF(Data!AJ40="x","✓","") | AQ36: =IF(Data!AJ41="x","✓","") | AR36: =IF(Data!AJ42="x","✓","") -> ✓ | AS36: =IF(Data!AJ43="x","✓","") | AT36: =IF(Data!AJ44="x","✓","") | AU36: =IF(Data!AJ45="x","✓","") | AV36: =IF(Data!AJ46="x","✓","") | AW36: =IF(Data!AJ47="x","✓","") | AX36: =IF(Data!AJ48="x","✓","") | AY36: =IF(Data!AJ49="x","✓","") | AZ36: =IF(Data!AJ50="x","✓","") | BA36: =IF(Data!AJ51="x","✓","") | BB36: =IF(Data!AJ52="x","✓","") | BC36: =IF(Data!AJ53="x","✓","") | BD36: =IF(Data!AJ54="x","✓","") | BE36: =IF(Data!AJ55="x","✓","") | BF36: =IF(Data!AJ56="x","✓","") | BG36: =IF(Data!AJ57="x","✓","") | BH36: =IF(Data!AJ58="x","✓","") | BI36: =IF(Data!AJ59="x","✓","") | BJ36: =IF(Data!AJ60="x","✓","") | BK36: =IF(Data!AJ61="x","✓","")
B37: Lafayette | C37: =COUNTIF(Data!AK2:AK61,"x") -> 10 | D37: =IF(Data!AK2="x","✓","") -> ✓ | E37: =IF(Data!AK3="x","✓","") -> ✓ | F37: =IF(Data!AK4="x","✓","") | G37: =IF(Data!AK5="x","✓","") | H37: =IF(Data!AK6="x","✓","") | I37: =IF(Data!AK7="x","✓","") | J37: =IF(Data!AK8="x","✓","") | K37: =IF(Data!AK9="x","✓","") | L37: =IF(Data!AK10="x","✓","") | M37: =IF(Data!AK11="x","✓","") | N37: =IF(Data!AK12="x","✓","") | O37: =IF(Data!AK13="x","✓","") | P37: =IF(Data!AK14="x","✓","") | Q37: =IF(Data!AK15="x","✓","") | R37: =IF(Data!AK16="x","✓","") | S37: =IF(Data!AK17="x","✓","") | T37: =IF(Data!AK18="x","✓","") | U37: =IF(Data!AK19="x","✓","") | V37: =IF(Data!AK20="x","✓","") -> ✓ | W37: =IF(Data!AK21="x","✓","") -> ✓ | X37: =IF(Data!AK22="x","✓","") | Y37: =IF(Data!AK23="x","✓","") | Z37: =IF(Data!AK24="x","✓","") | AA37: =IF(Data!AK25="x","✓","") -> ✓ | AB37: =IF(Data!AK26="x","✓","") -> ✓ | AC37: =IF(Data!AK27="x","✓","") -> ✓ | AD37: =IF(Data!AK28="x","✓","") | AE37: =IF(Data!AK29="x","✓","") | AF37: =IF(Data!AK30="x","✓","") | AG37: =IF(Data!AK31="x","✓","") | AH37: =IF(Data!AK32="x","✓","") | AI37: =IF(Data!AK33="x","✓","") | AJ37: =IF(Data!AK34="x","✓","") | AK37: =IF(Data!AK35="x","✓","") | AL37: =IF(Data!AK36="x","✓","") | AM37: =IF(Data!AK37="x","✓","") -> ✓ | AN37: =IF(Data!AK38="x","✓","") | AO37: =IF(Data!AK39="x","✓","") | AP37: =IF(Data!AK40="x","✓","") | AQ37: =IF(Data!AK41="x","✓","") -> ✓ | AR37: =IF(Data!AK42="x","✓","") -> ✓ | AS37: =IF(Data!AK43="x","✓","") | AT37: =IF(Data!AK44="x","✓","") | AU37: =IF(Data!AK45="x","✓","") | AV37: =IF(Data!AK46="x","✓","") | AW37: =IF(Data!AK47="x","✓","") | AX37: =IF(Data!AK48="x","✓","") | AY37: =IF(Data!AK49="x","✓","") | AZ37: =IF(Data!AK50="x","✓","") | BA37: =IF(Data!AK51="x","✓","") | BB37: =IF(Data!AK52="x","✓","") | BC37: =IF(Data!AK53="x","✓","") | BD37: =IF(Data!AK54="x","✓","") | BE37: =IF(Data!AK55="x","✓","") | BF37: =IF(Data!AK56="x","✓","") | BG37: =IF(Data!AK57="x","✓","") | BH37: =IF(Data!AK58="x","✓","") | BI37: =IF(Data!AK59="x","✓","") | BJ37: =IF(Data!AK60="x","✓","") | BK37: =IF(Data!AK61="x","✓","")
B38: Langlade | C38: =COUNTIF(Data!AL2:AL61,"x") -> 5 | D38: =IF(Data!AL2="x","✓","") | E38: =IF(Data!AL3="x","✓","") | F38: =IF(Data!AL4="x","✓","") | G38: =IF(Data!AL5="x","✓","") | H38: =IF(Data!AL6="x","✓","") | I38: =IF(Data!AL7="x","✓","") | J38: =IF(Data!AL8="x","✓","") | K38: =IF(Data!AL9="x","✓","") | L38: =IF(Data!AL10="x","✓","") | M38: =IF(Data!AL11="x","✓","") | N38: =IF(Data!AL12="x","✓","") | O38: =IF(Data!AL13="x","✓","") | P38: =IF(Data!AL14="x","✓","") | Q38: =IF(Data!AL15="x","✓","") -> ✓ | R38: =IF(Data!AL16="x","✓","") | S38: =IF(Data!AL17="x","✓","") | T38: =IF(Data!AL18="x","✓","") | U38: =IF(Data!AL19="x","✓","") | V38: =IF(Data!AL20="x","✓","") | W38: =IF(Data!AL21="x","✓","") | X38: =IF(Data!AL22="x","✓","") | Y38: =IF(Data!AL23="x","✓","") | Z38: =IF(Data!AL24="x","✓","") | AA38: =IF(Data!AL25="x","✓","") | AB38: =IF(Data!AL26="x","✓","") | AC38: =IF(Data!AL27="x","✓","") | AD38: =IF(Data!AL28="x","✓","") | AE38: =IF(Data!AL29="x","✓","") | AF38: =IF(Data!AL30="x","✓","") -> ✓ | AG38: =IF(Data!AL31="x","✓","") | AH38: =IF(Data!AL32="x","✓","") -> ✓ | AI38: =IF(Data!AL33="x","✓","") | AJ38: =IF(Data!AL34="x","✓","") | AK38: =IF(Data!AL35="x","✓","") | AL38: =IF(Data!AL36="x","✓","") -> ✓ | AM38: =IF(Data!AL37="x","✓","") | AN38: =IF(Data!AL38="x","✓","") | AO38: =IF(Data!AL39="x","✓","") | AP38: =IF(Data!AL40="x","✓","") | AQ38: =IF(Data!AL41="x","✓","") | AR38: =IF(Data!AL42="x","✓","") -> ✓ | AS38: =IF(Data!AL43="x","✓","") | AT38: =IF(Data!AL44="x","✓","") | AU38: =IF(Data!AL45="x","✓","") | AV38: =IF(Data!AL46="x","✓","") | AW38: =IF(Data!AL47="x","✓","") | AX38: =IF(Data!AL48="x","✓","") | AY38: =IF(Data!AL49="x","✓","") | AZ38: =IF(Data!AL50="x","✓","") | BA38: =IF(Data!AL51="x","✓","") | BB38: =IF(Data!AL52="x","✓","") | BC38: =IF(Data!AL53="x","✓","") | BD38: =IF(Data!AL54="x","✓","") | BE38: =IF(Data!AL55="x","✓","") | BF38: =IF(Data!AL56="x","✓","") | BG38: =IF(Data!AL57="x","✓","") | BH38: =IF(Data!AL58="x","✓","") | BI38: =IF(Data!AL59="x","✓","") | BJ38: =IF(Data!AL60="x","✓","") | BK38: =IF(Data!AL61="x","✓","")
B39: Lincoln | C39: =COUNTIF(Data!AM2:AM61,"x") -> 4 | D39: =IF(Data!AM2="x","✓","") | E39: =IF(Data!AM3="x","✓","") | F39: =IF(Data!AM4="x","✓","") | G39: =IF(Data!AM5="x","✓","") | H39: =IF(Data!AM6="x","✓","") | I39: =IF(Data!AM7="x","✓","") | J39: =IF(Data!AM8="x","✓","") | K39: =IF(Data!AM9="x","✓","") | L39: =IF(Data!AM10="x","✓","") | M39: =IF(Data!AM11="x","✓","") | N39: =IF(Data!AM12="x","✓","") | O39: =IF(Data!AM13="x","✓","") | P39: =IF(Data!AM14="x","✓","") | Q39: =IF(Data!AM15="x","✓","") -> ✓ | R39: =IF(Data!AM16="x","✓","") | S39: =IF(Data!AM17="x","✓","") | T39: =IF(Data!AM18="x","✓","") | U39: =IF(Data!AM19="x","✓","") | V39: =IF(Data!AM20="x","✓","") | W39: =IF(Data!AM21="x","✓","") | X39: =IF(Data!AM22="x","✓","") | Y39: =IF(Data!AM23="x","✓","") | Z39: =IF(Data!AM24="x","✓","") | AA39: =IF(Data!AM25="x","✓","") | AB39: =IF(Data!AM26="x","✓","") | AC39: =IF(Data!AM27="x","✓","") | AD39: =IF(Data!AM28="x","✓","") | AE39: =IF(Data!AM29="x","✓","") | AF39: =IF(Data!AM30="x","✓","") -> ✓ | AG39: =IF(Data!AM31="x","✓","") | AH39: =IF(Data!AM32="x","✓","") | AI39: =IF(Data!AM33="x","✓","") | AJ39: =IF(Data!AM34="x","✓","") | AK39: =IF(Data!AM35="x","✓","") | AL39: =IF(Data!AM36="x","✓","") -> ✓ | AM39: =IF(Data!AM37="x","✓","") | AN39: =IF(Data!AM38="x","✓","") | AO39: =IF(Data!AM39="x","✓","") | AP39: =IF(Data!AM40="x","✓","") | AQ39: =IF(Data!AM41="x","✓","") | AR39: =IF(Data!AM42="x","✓","") -> ✓ | AS39: =IF(Data!AM43="x","✓","") | AT39: =IF(Data!AM44="x","✓","") | AU39: =IF(Data!AM45="x","✓","") | AV39: =IF(Data!AM46="x","✓","") | AW39: =IF(Data!AM47="x","✓","") | AX39: =IF(Data!AM48="x","✓","") | AY39: =IF(Data!AM49="x","✓","") | AZ39: =IF(Data!AM50="x","✓","") | BA39: =IF(Data!AM51="x","✓","") | BB39: =IF(Data!AM52="x","✓","") | BC39: =IF(Data!AM53="x","✓","") | BD39: =IF(Data!AM54="x","✓","") | BE39: =IF(Data!AM55="x","✓","") | BF39: =IF(Data!AM56="x","✓","") | BG39: =IF(Data!AM57="x","✓","") | BH39: =IF(Data!AM58="x","✓","") | BI39: =IF(Data!AM59="x","✓","") | BJ39: =IF(Data!AM60="x","✓","") | BK39: =IF(Data!AM61="x","✓","")
B40: Manitowoc | C40: =COUNTIF(Data!AN2:AN61,"x") -> 5 | D40: =IF(Data!AN2="x","✓","") | E40: =IF(Data!AN3="x","✓","") | F40: =IF(Data!AN4="x","✓","") | G40: =IF(Data!AN5="x","✓","") | H40: =IF(Data!AN6="x","✓","") | I40: =IF(Data!AN7="x","✓","") | J40: =IF(Data!AN8="x","✓","") | K40: =IF(Data!AN9="x","✓","") | L40: =IF(Data!AN10="x","✓","") | M40: =IF(Data!AN11="x","✓","") | N40: =IF(Data!AN12="x","✓","") | O40: =IF(Data!AN13="x","✓","") | P40: =IF(Data!AN14="x","✓","") | Q40: =IF(Data!AN15="x","✓","") -> ✓ | R40: =IF(Data!AN16="x","✓","") | S40: =IF(Data!AN17="x","✓","") | T40: =IF(Data!AN18="x","✓","") | U40: =IF(Data!AN19="x","✓","") | V40: =IF(Data!AN20="x","✓","") | W40: =IF(Data!AN21="x","✓","") | X40: =IF(Data!AN22="x","✓","") | Y40: =IF(Data!AN23="x","✓","") | Z40: =IF(Data!AN24="x","✓","") | AA40: =IF(Data!AN25="x","✓","") | AB40: =IF(Data!AN26="x","✓","") | AC40: =IF(Data!AN27="x","✓","") | AD40: =IF(Data!AN28="x","✓","") | AE40: =IF(Data!AN29="x","✓","") | AF40: =IF(Data!AN30="x","✓","") -> ✓ | AG40: =IF(Data!AN31="x","✓","") | AH40: =IF(Data!AN32="x","✓","") -> ✓ | AI40: =IF(Data!AN33="x","✓","") | AJ40: =IF(Data!AN34="x","✓","") | AK40: =IF(Data!AN35="x","✓","") -> ✓ | AL40: =IF(Data!AN36="x","✓","") | AM40: =IF(Data!AN37="x","✓","") | AN40: =IF(Data!AN38="x","✓","") | AO40: =IF(Data!AN39="x","✓","") | AP40: =IF(Data!AN40="x","✓","") | AQ40: =IF(Data!AN41="x","✓","") | AR40: =IF(Data!AN42="x","✓","") -> ✓ | AS40: =IF(Data!AN43="x","✓","") | AT40: =IF(Data!AN44="x","✓","") | AU40: =IF(Data!AN45="x","✓","") | AV40: =IF(Data!AN46="x","✓","") | AW40: =IF(Data!AN47="x","✓","") | AX40: =IF(Data!AN48="x","✓","") | AY40: =IF(Data!AN49="x","✓","") | AZ40: =IF(Data!AN50="x","✓","") | BA40: =IF(Data!AN51="x","✓","") | BB40: =IF(Data!AN52="x","✓","") | BC40: =IF(Data!AN53="x","✓","") | BD40: =IF(Data!AN54="x","✓","") | BE40: =IF(Data!AN55="x","✓","") | BF40: =IF(Data!AN56="x","✓","") | BG40: =IF(Data!AN57="x","✓","") | BH40: =IF(Data!AN58="x","✓","") | BI40: =IF(Data!AN59="x","✓","") | BJ40: =IF(Data!AN60="x","✓","") | BK40: =IF(Data!AN61="x","✓","")
B41: Marathon | C41: =COUNTIF(Data!AO2:AO61,"x") -> 6 | D41: =IF(Data!AO2="x","✓","") | E41: =IF(Data!AO3="x","✓","") | F41: =IF(Data!AO4="x","✓","") | G41: =IF(Data!AO5="x","✓","") | H41: =IF(Data!AO6="x","✓","") | I41: =IF(Data!AO7="x","✓","") | J41: =IF(Data!AO8="x","✓","") | K41: =IF(Data!AO9="x","✓","") | L41: =IF(Data!AO10="x","✓","") | M41: =IF(Data!AO11="x","✓","") | N41: =IF(Data!AO12="x","✓","") | O41: =IF(Data!AO13="x","✓","") | P41: =IF(Data!AO14="x","✓","") | Q41: =IF(Data!AO15="x","✓","") -> ✓ | R41: =IF(Data!AO16="x","✓","") | S41: =IF(Data!AO17="x","✓","") | T41: =IF(Data!AO18="x","✓","") | U41: =IF(Data!AO19="x","✓","") -> ✓ | V41: =IF(Data!AO20="x","✓","") | W41: =IF(Data!AO21="x","✓","") | X41: =IF(Data!AO22="x","✓","") | Y41: =IF(Data!AO23="x","✓","") | Z41: =IF(Data!AO24="x","✓","") | AA41: =IF(Data!AO25="x","✓","") | AB41: =IF(Data!AO26="x","✓","") | AC41: =IF(Data!AO27="x","✓","") | AD41: =IF(Data!AO28="x","✓","") | AE41: =IF(Data!AO29="x","✓","") | AF41: =IF(Data!AO30="x","✓","") -> ✓ | AG41: =IF(Data!AO31="x","✓","") | AH41: =IF(Data!AO32="x","✓","") | AI41: =IF(Data!AO33="x","✓","") -> ✓ | AJ41: =IF(Data!AO34="x","✓","") | AK41: =IF(Data!AO35="x","✓","") | AL41: =IF(Data!AO36="x","✓","") -> ✓ | AM41: =IF(Data!AO37="x","✓","") | AN41: =IF(Data!AO38="x","✓","") | AO41: =IF(Data!AO39="x","✓","") | AP41: =IF(Data!AO40="x","✓","") | AQ41: =IF(Data!AO41="x","✓","") | AR41: =IF(Data!AO42="x","✓","") -> ✓ | AS41: =IF(Data!AO43="x","✓","") | AT41: =IF(Data!AO44="x","✓","") | AU41: =IF(Data!AO45="x","✓","") | AV41: =IF(Data!AO46="x","✓","") | AW41: =IF(Data!AO47="x","✓","") | AX41: =IF(Data!AO48="x","✓","") | AY41: =IF(Data!AO49="x","✓","") | AZ41: =IF(Data!AO50="x","✓","") | BA41: =IF(Data!AO51="x","✓","") | BB41: =IF(Data!AO52="x","✓","") | BC41: =IF(Data!AO53="x","✓","") | BD41: =IF(Data!AO54="x","✓","") | BE41: =IF(Data!AO55="x","✓","") | BF41: =IF(Data!AO56="x","✓","") | BG41: =IF(Data!AO57="x","✓","") | BH41: =IF(Data!AO58="x","✓","") | BI41: =IF(Data!AO59="x","✓","") | BJ41: =IF(Data!AO60="x","✓","") | BK41: =IF(Data!AO61="x","✓","")
B42: Marinette | C42: =COUNTIF(Data!AP2:AP61,"x") -> 4 | D42: =IF(Data!AP2="x","✓","") | E42: =IF(Data!AP3="x","✓","") | F42: =IF(Data!AP4="x","✓","") | G42: =IF(Data!AP5="x","✓","") | H42: =IF(Data!AP6="x","✓","") | I42: =IF(Data!AP7="x","✓","") | J42: =IF(Data!AP8="x","✓","") | K42: =IF(Data!AP9="x","✓","") | L42: =IF(Data!AP10="x","✓","") | M42: =IF(Data!AP11="x","✓","") | N42: =IF(Data!AP12="x","✓","") | O42: =IF(Data!AP13="x","✓","") | P42: =IF(Data!AP14="x","✓","") | Q42: =IF(Data!AP15="x","✓","") | R42: =IF(Data!AP16="x","✓","") | S42: =IF(Data!AP17="x","✓","") | T42: =IF(Data!AP18="x","✓","") | U42: =IF(Data!AP19="x","✓","") | V42: =IF(Data!AP20="x","✓","") | W42: =IF(Data!AP21="x","✓","") | X42: =IF(Data!AP22="x","✓","") | Y42: =IF(Data!AP23="x","✓","") | Z42: =IF(Data!AP24="x","✓","") | AA42: =IF(Data!AP25="x","✓","") | AB42: =IF(Data!AP26="x","✓","") | AC42: =IF(Data!AP27="x","✓","") | AD42: =IF(Data!AP28="x","✓","") | AE42: =IF(Data!AP29="x","✓","") | AF42: =IF(Data!AP30="x","✓","") -> ✓ | AG42: =IF(Data!AP31="x","✓","") | AH42: =IF(Data!AP32="x","✓","") -> ✓ | AI42: =IF(Data!AP33="x","✓","") | AJ42: =IF(Data!AP34="x","✓","") | AK42: =IF(Data!AP35="x","✓","") -> ✓ | AL42: =IF(Data!AP36="x","✓","") | AM42: =IF(Data!AP37="x","✓","") | AN42: =IF(Data!AP38="x","✓","") | AO42: =IF(Data!AP39="x","✓","") | AP42: =IF(Data!AP40="x","✓","") | AQ42: =IF(Data!AP41="x","✓","") | AR42: =IF(Data!AP42="x","✓","") -> ✓ | AS42: =IF(Data!AP43="x","✓","") | AT42: =IF(Data!AP44="x","✓","") | AU42: =IF(Data!AP45="x","✓","") | AV42: =IF(Data!AP46="x","✓","") | AW42: =IF(Data!AP47="x","✓","") | AX42: =IF(Data!AP48="x","✓","") | AY42: =IF(Data!AP49="x","✓","") | AZ42: =IF(Data!AP50="x","✓","") | BA42: =IF(Data!AP51="x","✓","") | BB42: =IF(Data!AP52="x","✓","") | BC42: =IF(Data!AP53="x","✓","") | BD42: =IF(Data!AP54="x","✓","") | BE42: =IF(Data!AP55="x","✓","") | BF42: =IF(Data!AP56="x","✓","") | BG42: =IF(Data!AP57="x","✓","") | BH42: =IF(Data!AP58="x","✓","") | BI42: =IF(Data!AP59="x","✓","") | BJ42: =IF(Data!AP60="x","✓","") | BK42: =IF(Data!AP61="x","✓","")
B43: Marquette | C43: =COUNTIF(Data!AQ2:AQ61,"x") -> 5 | D43: =IF(Data!AQ2="x","✓","") | E43: =IF(Data!AQ3="x","✓","") | F43: =IF(Data!AQ4="x","✓","") | G43: =IF(Data!AQ5="x","✓","") | H43: =IF(Data!AQ6="x","✓","") | I43: =IF(Data!AQ7="x","✓","") | J43: =IF(Data!AQ8="x","✓","") | K43: =IF(Data!AQ9="x","✓","") | L43: =IF(Data!AQ10="x","✓","") | M43: =IF(Data!AQ11="x","✓","") | N43: =IF(Data!AQ12="x","✓","") | O43: =IF(Data!AQ13="x","✓","") | P43: =IF(Data!AQ14="x","✓","") | Q43: =IF(Data!AQ15="x","✓","") -> ✓ | R43: =IF(Data!AQ16="x","✓","") | S43: =IF(Data!AQ17="x","✓","") | T43: =IF(Data!AQ18="x","✓","") | U43: =IF(Data!AQ19="x","✓","") | V43: =IF(Data!AQ20="x","✓","") | W43: =IF(Data!AQ21="x","✓","") | X43: =IF(Data!AQ22="x","✓","") | Y43: =IF(Data!AQ23="x","✓","") | Z43: =IF(Data!AQ24="x","✓","") | AA43: =IF(Data!AQ25="x","✓","") | AB43: =IF(Data!AQ26="x","✓","") | AC43: =IF(Data!AQ27="x","✓","") -> ✓ | AD43: =IF(Data!AQ28="x","✓","") | AE43: =IF(Data!AQ29="x","✓","") | AF43: =IF(Data!AQ30="x","✓","") | AG43: =IF(Data!AQ31="x","✓","") | AH43: =IF(Data!AQ32="x","✓","") | AI43: =IF(Data!AQ33="x","✓","") | AJ43: =IF(Data!AQ34="x","✓","") | AK43: =IF(Data!AQ35="x","✓","") | AL43: =IF(Data!AQ36="x","✓","") | AM43: =IF(Data!AQ37="x","✓","") -> ✓ | AN43: =IF(Data!AQ38="x","✓","") | AO43: =IF(Data!AQ39="x","✓","") | AP43: =IF(Data!AQ40="x","✓","") | AQ43: =IF(Data!AQ41="x","✓","") -> ✓ | AR43: =IF(Data!AQ42="x","✓","") -> ✓ | AS43: =IF(Data!AQ43="x","✓","") | AT43: =IF(Data!AQ44="x","✓","") | AU43: =IF(Data!AQ45="x","✓","") | AV43: =IF(Data!AQ46="x","✓","") | AW43: =IF(Data!AQ47="x","✓","") | AX43: =IF(Data!AQ48="x","✓","") | AY43: =IF(Data!AQ49="x","✓","") | AZ43: =IF(Data!AQ50="x","✓","") | BA43: =IF(Data!AQ51="x","✓","") | BB43: =IF(Data!AQ52="x","✓","") | BC43: =IF(Data!AQ53="x","✓","") | BD43: =IF(Data!AQ54="x","✓","") | BE43: =IF(Data!AQ55="x","✓","") | BF43: =IF(Data!AQ56="x","✓","") | BG43: =IF(Data!AQ57="x","✓","") | BH43: =IF(Data!AQ58="x","✓","") | BI43: =IF(Data!AQ59="x","✓","") | BJ43: =IF(Data!AQ60="x","✓","") | BK43: =IF(Data!AQ61="x","✓","")
B44: Menominee | C44: =COUNTIF(Data!AR2:AR61,"x") -> 5 | D44: =IF(Data!AR2="x","✓","") | E44: =IF(Data!AR3="x","✓","") | F44: =IF(Data!AR4="x","✓","") | G44: =IF(Data!AR5="x","✓","") | H44: =IF(Data!AR6="x","✓","") | I44: =IF(Data!AR7="x","✓","") | J44: =IF(Data!AR8="x","✓","") | K44: =IF(Data!AR9="x","✓","") | L44: =IF(Data!AR10="x","✓","") | M44: =IF(Data!AR11="x","✓","") | N44: =IF(Data!AR12="x","✓","") | O44: =IF(Data!AR13="x","✓","") | P44: =IF(Data!AR14="x","✓","") | Q44: =IF(Data!AR15="x","✓","") -> ✓ | R44: =IF(Data!AR16="x","✓","") | S44: =IF(Data!AR17="x","✓","") | T44: =IF(Data!AR18="x","✓","") | U44: =IF(Data!AR19="x","✓","") | V44: =IF(Data!AR20="x","✓","") | W44: =IF(Data!AR21="x","✓","") | X44: =IF(Data!AR22="x","✓","") | Y44: =IF(Data!AR23="x","✓","") | Z44: =IF(Data!AR24="x","✓","") | AA44: =IF(Data!AR25="x","✓","") | AB44: =IF(Data!AR26="x","✓","") | AC44: =IF(Data!AR27="x","✓","") | AD44: =IF(Data!AR28="x","✓","") | AE44: =IF(Data!AR29="x","✓","") | AF44: =IF(Data!AR30="x","✓","") -> ✓ | AG44: =IF(Data!AR31="x","✓","") | AH44: =IF(Data!AR32="x","✓","") -> ✓ | AI44: =IF(Data!AR33="x","✓","") | AJ44: =IF(Data!AR34="x","✓","") | AK44: =IF(Data!AR35="x","✓","") -> ✓ | AL44: =IF(Data!AR36="x","✓","") | AM44: =IF(Data!AR37="x","✓","") | AN44: =IF(Data!AR38="x","✓","") | AO44: =IF(Data!AR39="x","✓","") | AP44: =IF(Data!AR40="x","✓","") | AQ44: =IF(Data!AR41="x","✓","") | AR44: =IF(Data!AR42="x","✓","") -> ✓ | AS44: =IF(Data!AR43="x","✓","") | AT44: =IF(Data!AR44="x","✓","") | AU44: =IF(Data!AR45="x","✓","") | AV44: =IF(Data!AR46="x","✓","") | AW44: =IF(Data!AR47="x","✓","") | AX44: =IF(Data!AR48="x","✓","") | AY44: =IF(Data!AR49="x","✓","") | AZ44: =IF(Data!AR50="x","✓","") | BA44: =IF(Data!AR51="x","✓","") | BB44: =IF(Data!AR52="x","✓","") | BC44: =IF(Data!AR53="x","✓","") | BD44: =IF(Data!AR54="x","✓","") | BE44: =IF(Data!AR55="x","✓","") | BF44: =IF(Data!AR56="x","✓","") | BG44: =IF(Data!AR57="x","✓","") | BH44: =IF(Data!AR58="x","✓","") | BI44: =IF(Data!AR59="x","✓","") | BJ44: =IF(Data!AR60="x","✓","") | BK44: =IF(Data!AR61="x","✓","")
B45: Milwaukee | C45: =COUNTIF(Data!AS2:AS61,"x") -> 20 | D45: =IF(Data!AS2="x","✓","") -> ✓ | E45: =IF(Data!AS3="x","✓","") -> ✓ | F45: =IF(Data!AS4="x","✓","") -> ✓ | G45: =IF(Data!AS5="x","✓","") -> ✓ | H45: =IF(Data!AS6="x","✓","") -> ✓ | I45: =IF(Data!AS7="x","✓","") | J45: =IF(Data!AS8="x","✓","") | K45: =IF(Data!AS9="x","✓","") -> ✓ | L45: =IF(Data!AS10="x","✓","") -> ✓ | M45: =IF(Data!AS11="x","✓","") | N45: =IF(Data!AS12="x","✓","") -> ✓ | O45: =IF(Data!AS13="x","✓","") -> ✓ | P45: =IF(Data!AS14="x","✓","") | Q45: =IF(Data!AS15="x","✓","") | R45: =IF(Data!AS16="x","✓","") -> ✓ | S45: =IF(Data!AS17="x","✓","") | T45: =IF(Data!AS18="x","✓","") | U45: =IF(Data!AS19="x","✓","") | V45: =IF(Data!AS20="x","✓","") | W45: =IF(Data!AS21="x","✓","") -> ✓ | X45: =IF(Data!AS22="x","✓","") | Y45: =IF(Data!AS23="x","✓","") -> ✓ | Z45: =IF(Data!AS24="x","✓","") -> ✓ | AA45: =IF(Data!AS25="x","✓","") -> ✓ | AB45: =IF(Data!AS26="x","✓","") -> ✓ | AC45: =IF(Data!AS27="x","✓","") | AD45: =IF(Data!AS28="x","✓","") -> ✓ | AE45: =IF(Data!AS29="x","✓","") | AF45: =IF(Data!AS30="x","✓","") | AG45: =IF(Data!AS31="x","✓","") -> ✓ | AH45: =IF(Data!AS32="x","✓","") | AI45: =IF(Data!AS33="x","✓","") | AJ45: =IF(Data!AS34="x","✓","") | AK45: =IF(Data!AS35="x","✓","") -> ✓ | AL45: =IF(Data!AS36="x","✓","") | AM45: =IF(Data!AS37="x","✓","") | AN45: =IF(Data!AS38="x","✓","") | AO45: =IF(Data!AS39="x","✓","") | AP45: =IF(Data!AS40="x","✓","") -> ✓ | AQ45: =IF(Data!AS41="x","✓","") | AR45: =IF(Data!AS42="x","✓","") -> ✓ | AS45: =IF(Data!AS43="x","✓","") | AT45: =IF(Data!AS44="x","✓","") | AU45: =IF(Data!AS45="x","✓","") | AV45: =IF(Data!AS46="x","✓","") | AW45: =IF(Data!AS47="x","✓","") | AX45: =IF(Data!AS48="x","✓","") | AY45: =IF(Data!AS49="x","✓","") | AZ45: =IF(Data!AS50="x","✓","") | BA45: =IF(Data!AS51="x","✓","") | BB45: =IF(Data!AS52="x","✓","") | BC45: =IF(Data!AS53="x","✓","") | BD45: =IF(Data!AS54="x","✓","") | BE45: =IF(Data!AS55="x","✓","") | BF45: =IF(Data!AS56="x","✓","") | BG45: =IF(Data!AS57="x","✓","") | BH45: =IF(Data!AS58="x","✓","") | BI45: =IF(Data!AS59="x","✓","") | BJ45: =IF(Data!AS60="x","✓","") | BK45: =IF(Data!AS61="x","✓","")
B46: Monroe | C46: =COUNTIF(Data!AT2:AT61,"x") -> 5 | D46: =IF(Data!AT2="x","✓","") | E46: =IF(Data!AT3="x","✓","") | F46: =IF(Data!AT4="x","✓","") | G46: =IF(Data!AT5="x","✓","") | H46: =IF(Data!AT6="x","✓","") | I46: =IF(Data!AT7="x","✓","") | J46: =IF(Data!AT8="x","✓","") | K46: =IF(Data!AT9="x","✓","") | L46: =IF(Data!AT10="x","✓","") | M46: =IF(Data!AT11="x","✓","") | N46: =IF(Data!AT12="x","✓","") | O46: =IF(Data!AT13="x","✓","") | P46: =IF(Data!AT14="x","✓","") | Q46: =IF(Data!AT15="x","✓","") | R46: =IF(Data!AT16="x","✓","") | S46: =IF(Data!AT17="x","✓","") | T46: =IF(Data!AT18="x","✓","") | U46: =IF(Data!AT19="x","✓","") | V46: =IF(Data!AT20="x","✓","") | W46: =IF(Data!AT21="x","✓","") | X46: =IF(Data!AT22="x","✓","") | Y46: =IF(Data!AT23="x","✓","") | Z46: =IF(Data!AT24="x","✓","") | AA46: =IF(Data!AT25="x","✓","") | AB46: =IF(Data!AT26="x","✓","") | AC46: =IF(Data!AT27="x","✓","") -> ✓ | AD46: =IF(Data!AT28="x","✓","") | AE46: =IF(Data!AT29="x","✓","") | AF46: =IF(Data!AT30="x","✓","") | AG46: =IF(Data!AT31="x","✓","") | AH46: =IF(Data!AT32="x","✓","") | AI46: =IF(Data!AT33="x","✓","") -> ✓ | AJ46: =IF(Data!AT34="x","✓","") | AK46: =IF(Data!AT35="x","✓","") | AL46: =IF(Data!AT36="x","✓","") -> ✓ | AM46: =IF(Data!AT37="x","✓","") | AN46: =IF(Data!AT38="x","✓","") | AO46: =IF(Data!AT39="x","✓","") | AP46: =IF(Data!AT40="x","✓","") | AQ46: =IF(Data!AT41="x","✓","") -> ✓ | AR46: =IF(Data!AT42="x","✓","") -> ✓ | AS46: =IF(Data!AT43="x","✓","") | AT46: =IF(Data!AT44="x","✓","") | AU46: =IF(Data!AT45="x","✓","") | AV46: =IF(Data!AT46="x","✓","") | AW46: =IF(Data!AT47="x","✓","") | AX46: =IF(Data!AT48="x","✓","") | AY46: =IF(Data!AT49="x","✓","") | AZ46: =IF(Data!AT50="x","✓","") | BA46: =IF(Data!AT51="x","✓","") | BB46: =IF(Data!AT52="x","✓","") | BC46: =IF(Data!AT53="x","✓","") | BD46: =IF(Data!AT54="x","✓","") | BE46: =IF(Data!AT55="x","✓","") | BF46: =IF(Data!AT56="x","✓","") | BG46: =IF(Data!AT57="x","✓","") | BH46: =IF(Data!AT58="x","✓","") | BI46: =IF(Data!AT59="x","✓","") | BJ46: =IF(Data!AT60="x","✓","") | BK46: =IF(Data!AT61="x","✓","")
B47: Oconto | C47: =COUNTIF(Data!AU2:AU61,"x") -> 5 | D47: =IF(Data!AU2="x","✓","") | E47: =IF(Data!AU3="x","✓","") | F47: =IF(Data!AU4="x","✓","") | G47: =IF(Data!AU5="x","✓","") | H47: =IF(Data!AU6="x","✓","") | I47: =IF(Data!AU7="x","✓","") | J47: =IF(Data!AU8="x","✓","") | K47: =IF(Data!AU9="x","✓","") | L47: =IF(Data!AU10="x","✓","") | M47: =IF(Data!AU11="x","✓","") | N47: =IF(Data!AU12="x","✓","") | O47: =IF(Data!AU13="x","✓","") | P47: =IF(Data!AU14="x","✓","") | Q47: =IF(Data!AU15="x","✓","") -> ✓ | R47: =IF(Data!AU16="x","✓","") | S47: =IF(Data!AU17="x","✓","") | T47: =IF(Data!AU18="x","✓","") | U47: =IF(Data!AU19="x","✓","") | V47: =IF(Data!AU20="x","✓","") | W47: =IF(Data!AU21="x","✓","") | X47: =IF(Data!AU22="x","✓","") | Y47: =IF(Data!AU23="x","✓","") | Z47: =IF(Data!AU24="x","✓","") | AA47: =IF(Data!AU25="x","✓","") | AB47: =IF(Data!AU26="x","✓","") | AC47: =IF(Data!AU27="x","✓","") | AD47: =IF(Data!AU28="x","✓","") | AE47: =IF(Data!AU29="x","✓","") | AF47: =IF(Data!AU30="x","✓","") -> ✓ | AG47: =IF(Data!AU31="x","✓","") | AH47: =IF(Data!AU32="x","✓","") -> ✓ | AI47: =IF(Data!AU33="x","✓","") | AJ47: =IF(Data!AU34="x","✓","") | AK47: =IF(Data!AU35="x","✓","") -> ✓ | AL47: =IF(Data!AU36="x","✓","") | AM47: =IF(Data!AU37="x","✓","") | AN47: =IF(Data!AU38="x","✓","") | AO47: =IF(Data!AU39="x","✓","") | AP47: =IF(Data!AU40="x","✓","") | AQ47: =IF(Data!AU41="x","✓","") | AR47: =IF(Data!AU42="x","✓","") -> ✓ | AS47: =IF(Data!AU43="x","✓","") | AT47: =IF(Data!AU44="x","✓","") | AU47: =IF(Data!AU45="x","✓","") | AV47: =IF(Data!AU46="x","✓","") | AW47: =IF(Data!AU47="x","✓","") | AX47: =IF(Data!AU48="x","✓","") | AY47: =IF(Data!AU49="x","✓","") | AZ47: =IF(Data!AU50="x","✓","") | BA47: =IF(Data!AU51="x","✓","") | BB47: =IF(Data!AU52="x","✓","") | BC47: =IF(Data!AU53="x","✓","") | BD47: =IF(Data!AU54="x","✓","") | BE47: =IF(Data!AU55="x","✓","") | BF47: =IF(Data!AU56="x","✓","") | BG47: =IF(Data!AU57="x","✓","") | BH47: =IF(Data!AU58="x","✓","") | BI47: =IF(Data!AU59="x","✓","") | BJ47: =IF(Data!AU60="x","✓","") | BK47: =IF(Data!AU61="x","✓","")
B48: Oneida | C48: =COUNTIF(Data!AV2:AV61,"x") -> 3 | D48: =IF(Data!AV2="x","✓","") | E48: =IF(Data!AV3="x","✓","") | F48: =IF(Data!AV4="x","✓","") | G48: =IF(Data!AV5="x","✓","") | H48: =IF(Data!AV6="x","✓","") | I48: =IF(Data!AV7="x","✓","") | J48: =IF(Data!AV8="x","✓","") | K48: =IF(Data!AV9="x","✓","") | L48: =IF(Data!AV10="x","✓","") | M48: =IF(Data!AV11="x","✓","") | N48: =IF(Data!AV12="x","✓","") | O48: =IF(Data!AV13="x","✓","") | P48: =IF(Data!AV14="x","✓","") | Q48: =IF(Data!AV15="x","✓","") | R48: =IF(Data!AV16="x","✓","") | S48: =IF(Data!AV17="x","✓","") | T48: =IF(Data!AV18="x","✓","") | U48: =IF(Data!AV19="x","✓","") | V48: =IF(Data!AV20="x","✓","") | W48: =IF(Data!AV21="x","✓","") | X48: =IF(Data!AV22="x","✓","") | Y48: =IF(Data!AV23="x","✓","") | Z48: =IF(Data!AV24="x","✓","") | AA48: =IF(Data!AV25="x","✓","") | AB48: =IF(Data!AV26="x","✓","") | AC48: =IF(Data!AV27="x","✓","") | AD48: =IF(Data!AV28="x","✓","") | AE48: =IF(Data!AV29="x","✓","") | AF48: =IF(Data!AV30="x","✓","") -> ✓ | AG48: =IF(Data!AV31="x","✓","") | AH48: =IF(Data!AV32="x","✓","") | AI48: =IF(Data!AV33="x","✓","") | AJ48: =IF(Data!AV34="x","✓","") | AK48: =IF(Data!AV35="x","✓","") | AL48: =IF(Data!AV36="x","✓","") -> ✓ | AM48: =IF(Data!AV37="x","✓","") | AN48: =IF(Data!AV38="x","✓","") | AO48: =IF(Data!AV39="x","✓","") | AP48: =IF(Data!AV40="x","✓","") | AQ48: =IF(Data!AV41="x","✓","") | AR48: =IF(Data!AV42="x","✓","") -> ✓ | AS48: =IF(Data!AV43="x","✓","") | AT48: =IF(Data!AV44="x","✓","") | AU48: =IF(Data!AV45="x","✓","") | AV48: =IF(Data!AV46="x","✓","") | AW48: =IF(Data!AV47="x","✓","") | AX48: =IF(Data!AV48="x","✓","") | AY48: =IF(Data!AV49="x","✓","") | AZ48: =IF(Data!AV50="x","✓","") | BA48: =IF(Data!AV51="x","✓","") | BB48: =IF(Data!AV52="x","✓","") | BC48: =IF(Data!AV53="x","✓","") | BD48: =IF(Data!AV54="x","✓","") | BE48: =IF(Data!AV55="x","✓","") | BF48: =IF(Data!AV56="x","✓","") | BG48: =IF(Data!AV57="x","✓","") | BH48: =IF(Data!AV58="x","✓","") | BI48: =IF(Data!AV59="x","✓","") | BJ48: =IF(Data!AV60="x","✓","") | BK48: =IF(Data!AV61="x","✓","")
B49: Outagamie | C49: =COUNTIF(Data!AW2:AW61,"x") -> 5 | D49: =IF(Data!AW2="x","✓","") | E49: =IF(Data!AW3="x","✓","") | F49: =IF(Data!AW4="x","✓","") | G49: =IF(Data!AW5="x","✓","") | H49: =IF(Data!AW6="x","✓","") | I49: =IF(Data!AW7="x","✓","") | J49: =IF(Data!AW8="x","✓","") | K49: =IF(Data!AW9="x","✓","") | L49: =IF(Data!AW10="x","✓","") | M49: =IF(Data!AW11="x","✓","") | N49: =IF(Data!AW12="x","✓","") | O49: =IF(Data!AW13="x","✓","") | P49: =IF(Data!AW14="x","✓","") | Q49: =IF(Data!AW15="x","✓","") | R49: =IF(Data!AW16="x","✓","") | S49: =IF(Data!AW17="x","✓","") | T49: =IF(Data!AW18="x","✓","") | U49: =IF(Data!AW19="x","✓","") | V49: =IF(Data!AW20="x","✓","") | W49: =IF(Data!AW21="x","✓","") | X49: =IF(Data!AW22="x","✓","") | Y49: =IF(Data!AW23="x","✓","") | Z49: =IF(Data!AW24="x","✓","") -> ✓ | AA49: =IF(Data!AW25="x","✓","") | AB49: =IF(Data!AW26="x","✓","") | AC49: =IF(Data!AW27="x","✓","") | AD49: =IF(Data!AW28="x","✓","") | AE49: =IF(Data!AW29="x","✓","") | AF49: =IF(Data!AW30="x","✓","") -> ✓ | AG49: =IF(Data!AW31="x","✓","") | AH49: =IF(Data!AW32="x","✓","") -> ✓ | AI49: =IF(Data!AW33="x","✓","") | AJ49: =IF(Data!AW34="x","✓","") | AK49: =IF(Data!AW35="x","✓","") -> ✓ | AL49: =IF(Data!AW36="x","✓","") | AM49: =IF(Data!AW37="x","✓","") | AN49: =IF(Data!AW38="x","✓","") | AO49: =IF(Data!AW39="x","✓","") | AP49: =IF(Data!AW40="x","✓","") | AQ49: =IF(Data!AW41="x","✓","") | AR49: =IF(Data!AW42="x","✓","") -> ✓ | AS49: =IF(Data!AW43="x","✓","") | AT49: =IF(Data!AW44="x","✓","") | AU49: =IF(Data!AW45="x","✓","") | AV49: =IF(Data!AW46="x","✓","") | AW49: =IF(Data!AW47="x","✓","") | AX49: =IF(Data!AW48="x","✓","") | AY49: =IF(Data!AW49="x","✓","") | AZ49: =IF(Data!AW50="x","✓","") | BA49: =IF(Data!AW51="x","✓","") | BB49: =IF(Data!AW52="x","✓","") | BC49: =IF(Data!AW53="x","✓","") | BD49: =IF(Data!AW54="x","✓","") | BE49: =IF(Data!AW55="x","✓","") | BF49: =IF(Data!AW56="x","✓","") | BG49: =IF(Data!AW57="x","✓","") | BH49: =IF(Data!AW58="x","✓","") | BI49: =IF(Data!AW59="x","✓","") | BJ49: =IF(Data!AW60="x","✓","") | BK49: =IF(Data!AW61="x","✓","")
B50: Ozaukee | C50: =COUNTIF(Data!AX2:AX61,"x") -> 11 | D50: =IF(Data!AX2="x","✓","") -> ✓ | E50: =IF(Data!AX3="x","✓","") -> ✓ | F50: =IF(Data!AX4="x","✓","") | G50: =IF(Data!AX5="x","✓","") | H50: =IF(Data!AX6="x","✓","") | I50: =IF(Data!AX7="x","✓","") | J50: =IF(Data!AX8="x","✓","") | K50: =IF(Data!AX9="x","✓","") | L50: =IF(Data!AX10="x","✓","") | M50: =IF(Data!AX11="x","✓","") | N50: =IF(Data!AX12="x","✓","") | O50: =IF(Data!AX13="x","✓","") | P50: =IF(Data!AX14="x","✓","") | Q50: =IF(Data!AX15="x","✓","") | R50: =IF(Data!AX16="x","✓","") -> ✓ | S50: =IF(Data!AX17="x","✓","") | T50: =IF(Data!AX18="x","✓","") | U50: =IF(Data!AX19="x","✓","") | V50: =IF(Data!AX20="x","✓","") | W50: =IF(Data!AX21="x","✓","") -> ✓ | X50: =IF(Data!AX22="x","✓","") | Y50: =IF(Data!AX23="x","✓","") | Z50: =IF(Data!AX24="x","✓","") | AA50: =IF(Data!AX25="x","✓","") -> ✓ | AB50: =IF(Data!AX26="x","✓","") -> ✓ | AC50: =IF(Data!AX27="x","✓","") | AD50: =IF(Data!AX28="x","✓","") -> ✓ | AE50: =IF(Data!AX29="x","✓","") | AF50: =IF(Data!AX30="x","✓","") | AG50: =IF(Data!AX31="x","✓","") -> ✓ | AH50: =IF(Data!AX32="x","✓","") | AI50: =IF(Data!AX33="x","✓","") | AJ50: =IF(Data!AX34="x","✓","") | AK50: =IF(Data!AX35="x","✓","") -> ✓ | AL50: =IF(Data!AX36="x","✓","") | AM50: =IF(Data!AX37="x","✓","") | AN50: =IF(Data!AX38="x","✓","") | AO50: =IF(Data!AX39="x","✓","") | AP50: =IF(Data!AX40="x","✓","") -> ✓ | AQ50: =IF(Data!AX41="x","✓","") | AR50: =IF(Data!AX42="x","✓","") -> ✓ | AS50: =IF(Data!AX43="x","✓","") | AT50: =IF(Data!AX44="x","✓","") | AU50: =IF(Data!AX45="x","✓","") | AV50: =IF(Data!AX46="x","✓","") | AW50: =IF(Data!AX47="x","✓","") | AX50: =IF(Data!AX48="x","✓","") | AY50: =IF(Data!AX49="x","✓","") | AZ50: =IF(Data!AX50="x","✓","") | BA50: =IF(Data!AX51="x","✓","") | BB50: =IF(Data!AX52="x","✓","") | BC50: =IF(Data!AX53="x","✓","") | BD50: =IF(Data!AX54="x","✓","") | BE50: =IF(Data!AX55="x","✓","") | BF50: =IF(Data!AX56="x","✓","") | BG50: =IF(Data!AX57="x","✓","") | BH50: =IF(Data!AX58="x","✓","") | BI50: =IF(Data!AX59="x","✓","") | BJ50: =IF(Data!AX60="x","✓","") | BK50: =IF(Data!AX61="x","✓","")
B51: Pepin | C51: =COUNTIF(Data!AY2:AY61,"x") -> 8 | D51: =IF(Data!AY2="x","✓","") | E51: =IF(Data!AY3="x","✓","") | F51: =IF(Data!AY4="x","✓","") | G51: =IF(Data!AY5="x","✓","") | H51: =IF(Data!AY6="x","✓","") | I51: =IF(Data!AY7="x","✓","") | J51: =IF(Data!AY8="x","✓","") | K51: =IF(Data!AY9="x","✓","") | L51: =IF(Data!AY10="x","✓","") | M51: =IF(Data!AY11="x","✓","") | N51: =IF(Data!AY12="x","✓","") -> ✓ | O51: =IF(Data!AY13="x","✓","") | P51: =IF(Data!AY14="x","✓","") | Q51: =IF(Data!AY15="x","✓","") | R51: =IF(Data!AY16="x","✓","") | S51: =IF(Data!AY17="x","✓","") | T51: =IF(Data!AY18="x","✓","") | U51: =IF(Data!AY19="x","✓","") -> ✓ | V51: =IF(Data!AY20="x","✓","") | W51: =IF(Data!AY21="x","✓","") | X51: =IF(Data!AY22="x","✓","") | Y51: =IF(Data!AY23="x","✓","") | Z51: =IF(Data!AY24="x","✓","") | AA51: =IF(Data!AY25="x","✓","") | AB51: =IF(Data!AY26="x","✓","") | AC51: =IF(Data!AY27="x","✓","") | AD51: =IF(Data!AY28="x","✓","") | AE51: =IF(Data!AY29="x","✓","") -> ✓ | AF51: =IF(Data!AY30="x","✓","") | AG51: =IF(Data!AY31="x","✓","") | AH51: =IF(Data!AY32="x","✓","") | AI51: =IF(Data!AY33="x","✓","") -> ✓ | AJ51: =IF(Data!AY34="x","✓","") | AK51: =IF(Data!AY35="x","✓","") | AL51: =IF(Data!AY36="x","✓","") -> ✓ | AM51: =IF(Data!AY37="x","✓","") | AN51: =IF(Data!AY38="x","✓","") -> ✓ | AO51: =IF(Data!AY39="x","✓","") -> ✓ | AP51: =IF(Data!AY40="x","✓","") | AQ51: =IF(Data!AY41="x","✓","") | AR51: =IF(Data!AY42="x","✓","") -> ✓ | AS51: =IF(Data!AY43="x","✓","") | AT51: =IF(Data!AY44="x","✓","") | AU51: =IF(Data!AY45="x","✓","") | AV51: =IF(Data!AY46="x","✓","") | AW51: =IF(Data!AY47="x","✓","") | AX51: =IF(Data!AY48="x","✓","") | AY51: =IF(Data!AY49="x","✓","") | AZ51: =IF(Data!AY50="x","✓","") | BA51: =IF(Data!AY51="x","✓","") | BB51: =IF(Data!AY52="x","✓","") | BC51: =IF(Data!AY53="x","✓","") | BD51: =IF(Data!AY54="x","✓","") | BE51: =IF(Data!AY55="x","✓","") | BF51: =IF(Data!AY56="x","✓","") | BG51: =IF(Data!AY57="x","✓","") | BH51: =IF(Data!AY58="x","✓","") | BI51: =IF(Data!AY59="x","✓","") | BJ51: =IF(Data!AY60="x","✓","") | BK51: =IF(Data!AY61="x","✓","")
B52: Pierce | C52: =COUNTIF(Data!AZ2:AZ61,"x") -> 6 | D52: =IF(Data!AZ2="x","✓","") | E52: =IF(Data!AZ3="x","✓","") | F52: =IF(Data!AZ4="x","✓","") | G52: =IF(Data!AZ5="x","✓","") | H52: =IF(Data!AZ6="x","✓","") | I52: =IF(Data!AZ7="x","✓","") | J52: =IF(Data!AZ8="x","✓","") | K52: =IF(Data!AZ9="x","✓","") | L52: =IF(Data!AZ10="x","✓","") | M52: =IF(Data!AZ11="x","✓","") | N52: =IF(Data!AZ12="x","✓","") | O52: =IF(Data!AZ13="x","✓","") | P52: =IF(Data!AZ14="x","✓","") | Q52: =IF(Data!AZ15="x","✓","") | R52: =IF(Data!AZ16="x","✓","") | S52: =IF(Data!AZ17="x","✓","") | T52: =IF(Data!AZ18="x","✓","") | U52: =IF(Data!AZ19="x","✓","") | V52: =IF(Data!AZ20="x","✓","") | W52: =IF(Data!AZ21="x","✓","") | X52: =IF(Data!AZ22="x","✓","") | Y52: =IF(Data!AZ23="x","✓","") | Z52: =IF(Data!AZ24="x","✓","") | AA52: =IF(Data!AZ25="x","✓","") | AB52: =IF(Data!AZ26="x","✓","") | AC52: =IF(Data!AZ27="x","✓","") | AD52: =IF(Data!AZ28="x","✓","") | AE52: =IF(Data!AZ29="x","✓","") -> ✓ | AF52: =IF(Data!AZ30="x","✓","") | AG52: =IF(Data!AZ31="x","✓","") | AH52: =IF(Data!AZ32="x","✓","") | AI52: =IF(Data!AZ33="x","✓","") -> ✓ | AJ52: =IF(Data!AZ34="x","✓","") | AK52: =IF(Data!AZ35="x","✓","") | AL52: =IF(Data!AZ36="x","✓","") -> ✓ | AM52: =IF(Data!AZ37="x","✓","") | AN52: =IF(Data!AZ38="x","✓","") -> ✓ | AO52: =IF(Data!AZ39="x","✓","") -> ✓ | AP52: =IF(Data!AZ40="x","✓","") | AQ52: =IF(Data!AZ41="x","✓","") | AR52: =IF(Data!AZ42="x","✓","") -> ✓ | AS52: =IF(Data!AZ43="x","✓","") | AT52: =IF(Data!AZ44="x","✓","") | AU52: =IF(Data!AZ45="x","✓","") | AV52: =IF(Data!AZ46="x","✓","") | AW52: =IF(Data!AZ47="x","✓","") | AX52: =IF(Data!AZ48="x","✓","") | AY52: =IF(Data!AZ49="x","✓","") | AZ52: =IF(Data!AZ50="x","✓","") | BA52: =IF(Data!AZ51="x","✓","") | BB52: =IF(Data!AZ52="x","✓","") | BC52: =IF(Data!AZ53="x","✓","") | BD52: =IF(Data!AZ54="x","✓","") | BE52: =IF(Data!AZ55="x","✓","") | BF52: =IF(Data!AZ56="x","✓","") | BG52: =IF(Data!AZ57="x","✓","") | BH52: =IF(Data!AZ58="x","✓","") | BI52: =IF(Data!AZ59="x","✓","") | BJ52: =IF(Data!AZ60="x","✓","") | BK52: =IF(Data!AZ61="x","✓","")
B53: Polk | C53: =COUNTIF(Data!BA2:BA61,"x") -> 5 | D53: =IF(Data!BA2="x","✓","") | E53: =IF(Data!BA3="x","✓","") | F53: =IF(Data!BA4="x","✓","") | G53: =IF(Data!BA5="x","✓","") | H53: =IF(Data!BA6="x","✓","") | I53: =IF(Data!BA7="x","✓","") | J53: =IF(Data!BA8="x","✓","") | K53: =IF(Data!BA9="x","✓","") | L53: =IF(Data!BA10="x","✓","") | M53: =IF(Data!BA11="x","✓","") | N53: =IF(Data!BA12="x","✓","") | O53: =IF(Data!BA13="x","✓","") | P53: =IF(Data!BA14="x","✓","") | Q53: =IF(Data!BA15="x","✓","") | R53: =IF(Data!BA16="x","✓","") | S53: =IF(Data!BA17="x","✓","") | T53: =IF(Data!BA18="x","✓","") | U53: =IF(Data!BA19="x","✓","") | V53: =IF(Data!BA20="x","✓","") | W53: =IF(Data!BA21="x","✓","") | X53: =IF(Data!BA22="x","✓","") | Y53: =IF(Data!BA23="x","✓","") | Z53: =IF(Data!BA24="x","✓","") | AA53: =IF(Data!BA25="x","✓","") | AB53: =IF(Data!BA26="x","✓","") | AC53: =IF(Data!BA27="x","✓","") | AD53: =IF(Data!BA28="x","✓","") | AE53: =IF(Data!BA29="x","✓","") -> ✓ | AF53: =IF(Data!BA30="x","✓","") | AG53: =IF(Data!BA31="x","✓","") | AH53: =IF(Data!BA32="x","✓","") | AI53: =IF(Data!BA33="x","✓","") | AJ53: =IF(Data!BA34="x","✓","") | AK53: =IF(Data!BA35="x","✓","") | AL53: =IF(Data!BA36="x","✓","") -> ✓ | AM53: =IF(Data!BA37="x","✓","") | AN53: =IF(Data!BA38="x","✓","") -> ✓ | AO53: =IF(Data!BA39="x","✓","") -> ✓ | AP53: =IF(Data!BA40="x","✓","") | AQ53: =IF(Data!BA41="x","✓","") | AR53: =IF(Data!BA42="x","✓","") -> ✓ | AS53: =IF(Data!BA43="x","✓","") | AT53: =IF(Data!BA44="x","✓","") | AU53: =IF(Data!BA45="x","✓","") | AV53: =IF(Data!BA46="x","✓","") | AW53: =IF(Data!BA47="x","✓","") | AX53: =IF(Data!BA48="x","✓","") | AY53: =IF(Data!BA49="x","✓","") | AZ53: =IF(Data!BA50="x","✓","") | BA53: =IF(Data!BA51="x","✓","") | BB53: =IF(Data!BA52="x","✓","") | BC53: =IF(Data!BA53="x","✓","") | BD53: =IF(Data!BA54="x","✓","") | BE53: =IF(Data!BA55="x","✓","") | BF53: =IF(Data!BA56="x","✓","") | BG53: =IF(Data!BA57="x","✓","") | BH53: =IF(Data!BA58="x","✓","") | BI53: =IF(Data!BA59="x","✓","") | BJ53: =IF(Data!BA60="x","✓","") | BK53: =IF(Data!BA61="x","✓","")
B54: Portage | C54: =COUNTIF(Data!BB2:BB61,"x") -> 5 | D54: =IF(Data!BB2="x","✓","") | E54: =IF(Data!BB3="x","✓","") | F54: =IF(Data!BB4="x","✓","") | G54: =IF(Data!BB5="x","✓","") | H54: =IF(Data!BB6="x","✓","") | I54: =IF(Data!BB7="x","✓","") | J54: =IF(Data!BB8="x","✓","") | K54: =IF(Data!BB9="x","✓","") | L54: =IF(Data!BB10="x","✓","") | M54: =IF(Data!BB11="x","✓","") | N54: =IF(Data!BB12="x","✓","") | O54: =IF(Data!BB13="x","✓","") | P54: =IF(Data!BB14="x","✓","") | Q54: =IF(Data!BB15="x","✓","") -> ✓ | R54: =IF(Data!BB16="x","✓","") | S54: =IF(Data!BB17="x","✓","") | T54: =IF(Data!BB18="x","✓","") | U54: =IF(Data!BB19="x","✓","") | V54: =IF(Data!BB20="x","✓","") | W54: =IF(Data!BB21="x","✓","") | X54: =IF(Data!BB22="x","✓","") | Y54: =IF(Data!BB23="x","✓","") | Z54: =IF(Data!BB24="x","✓","") | AA54: =IF(Data!BB25="x","✓","") | AB54: =IF(Data!BB26="x","✓","") | AC54: =IF(Data!BB27="x","✓","") | AD54: =IF(Data!BB28="x","✓","") | AE54: =IF(Data!BB29="x","✓","") | AF54: =IF(Data!BB30="x","✓","") -> ✓ | AG54: =IF(Data!BB31="x","✓","") | AH54: =IF(Data!BB32="x","✓","") | AI54: =IF(Data!BB33="x","✓","") -> ✓ | AJ54: =IF(Data!BB34="x","✓","") | AK54: =IF(Data!BB35="x","✓","") | AL54: =IF(Data!BB36="x","✓","") -> ✓ | AM54: =IF(Data!BB37="x","✓","") | AN54: =IF(Data!BB38="x","✓","") | AO54: =IF(Data!BB39="x","✓","") | AP54: =IF(Data!BB40="x","✓","") | AQ54: =IF(Data!BB41="x","✓","") | AR54: =IF(Data!BB42="x","✓","") -> ✓ | AS54: =IF(Data!BB43="x","✓","") | AT54: =IF(Data!BB44="x","✓","") | AU54: =IF(Data!BB45="x","✓","") | AV54: =IF(Data!BB46="x","✓","") | AW54: =IF(Data!BB47="x","✓","") | AX54: =IF(Data!BB48="x","✓","") | AY54: =IF(Data!BB49="x","✓","") | AZ54: =IF(Data!BB50="x","✓","") | BA54: =IF(Data!BB51="x","✓","") | BB54: =IF(Data!BB52="x","✓","") | BC54: =IF(Data!BB53="x","✓","") | BD54: =IF(Data!BB54="x","✓","") | BE54: =IF(Data!BB55="x","✓","") | BF54: =IF(Data!BB56="x","✓","") | BG54: =IF(Data!BB57="x","✓","") | BH54: =IF(Data!BB58="x","✓","") | BI54: =IF(Data!BB59="x","✓","") | BJ54: =IF(Data!BB60="x","✓","") | BK54: =IF(Data!BB61="x","✓","")
B55: Price | C55: =COUNTIF(Data!BC2:BC61,"x") -> 6 | D55: =IF(Data!BC2="x","✓","") | E55: =IF(Data!BC3="x","✓","") | F55: =IF(Data!BC4="x","✓","") | G55: =IF(Data!BC5="x","✓","") | H55: =IF(Data!BC6="x","✓","") | I55: =IF(Data!BC7="x","✓","") | J55: =IF(Data!BC8="x","✓","") | K55: =IF(Data!BC9="x","✓","") | L55: =IF(Data!BC10="x","✓","") | M55: =IF(Data!BC11="x","✓","") | N55: =IF(Data!BC12="x","✓","") | O55: =IF(Data!BC13="x","✓","") | P55: =IF(Data!BC14="x","✓","") | Q55: =IF(Data!BC15="x","✓","") | R55: =IF(Data!BC16="x","✓","") | S55: =IF(Data!BC17="x","✓","") | T55: =IF(Data!BC18="x","✓","") | U55: =IF(Data!BC19="x","✓","") -> ✓ | V55: =IF(Data!BC20="x","✓","") | W55: =IF(Data!BC21="x","✓","") | X55: =IF(Data!BC22="x","✓","") | Y55: =IF(Data!BC23="x","✓","") | Z55: =IF(Data!BC24="x","✓","") | AA55: =IF(Data!BC25="x","✓","") | AB55: =IF(Data!BC26="x","✓","") | AC55: =IF(Data!BC27="x","✓","") | AD55: =IF(Data!BC28="x","✓","") | AE55: =IF(Data!BC29="x","✓","") -> ✓ | AF55: =IF(Data!BC30="x","✓","") | AG55: =IF(Data!BC31="x","✓","") | AH55: =IF(Data!BC32="x","✓","") | AI55: =IF(Data!BC33="x","✓","") | AJ55: =IF(Data!BC34="x","✓","") | AK55: =IF(Data!BC35="x","✓","") | AL55: =IF(Data!BC36="x","✓","") -> ✓ | AM55: =IF(Data!BC37="x","✓","") | AN55: =IF(Data!BC38="x","✓","") -> ✓ | AO55: =IF(Data!BC39="x","✓","") -> ✓ | AP55: =IF(Data!BC40="x","✓","") | AQ55: =IF(Data!BC41="x","✓","") | AR55: =IF(Data!BC42="x","✓","") -> ✓ | AS55: =IF(Data!BC43="x","✓","") | AT55: =IF(Data!BC44="x","✓","") | AU55: =IF(Data!BC45="x","✓","") | AV55: =IF(Data!BC46="x","✓","") | AW55: =IF(Data!BC47="x","✓","") | AX55: =IF(Data!BC48="x","✓","") | AY55: =IF(Data!BC49="x","✓","") | AZ55: =IF(Data!BC50="x","✓","") | BA55: =IF(Data!BC51="x","✓","") | BB55: =IF(Data!BC52="x","✓","") | BC55: =IF(Data!BC53="x","✓","") | BD55: =IF(Data!BC54="x","✓","") | BE55: =IF(Data!BC55="x","✓","") | BF55: =IF(Data!BC56="x","✓","") | BG55: =IF(Data!BC57="x","✓","") | BH55: =IF(Data!BC58="x","✓","") | BI55: =IF(Data!BC59="x","✓","") | BJ55: =IF(Data!BC60="x","✓","") | BK55: =IF(Data!BC61="x","✓","")
B56: Racine | C56: =COUNTIF(Data!BD2:BD61,"x") -> 12 | D56: =IF(Data!BD2="x","✓","") -> ✓ | E56: =IF(Data!BD3="x","✓","") -> ✓ | F56: =IF(Data!BD4="x","✓","") -> ✓ | G56: =IF(Data!BD5="x","✓","") | H56: =IF(Data!BD6="x","✓","") | I56: =IF(Data!BD7="x","✓","") | J56: =IF(Data!BD8="x","✓","") | K56: =IF(Data!BD9="x","✓","") | L56: =IF(Data!BD10="x","✓","") | M56: =IF(Data!BD11="x","✓","") | N56: =IF(Data!BD12="x","✓","") | O56: =IF(Data!BD13="x","✓","") | P56: =IF(Data!BD14="x","✓","") | Q56: =IF(Data!BD15="x","✓","") | R56: =IF(Data!BD16="x","✓","") -> ✓ | S56: =IF(Data!BD17="x","✓","") | T56: =IF(Data!BD18="x","✓","") | U56: =IF(Data!BD19="x","✓","") | V56: =IF(Data!BD20="x","✓","") | W56: =IF(Data!BD21="x","✓","") -> ✓ | X56: =IF(Data!BD22="x","✓","") | Y56: =IF(Data!BD23="x","✓","") | Z56: =IF(Data!BD24="x","✓","") | AA56: =IF(Data!BD25="x","✓","") -> ✓ | AB56: =IF(Data!BD26="x","✓","") -> ✓ | AC56: =IF(Data!BD27="x","✓","") | AD56: =IF(Data!BD28="x","✓","") -> ✓ | AE56: =IF(Data!BD29="x","✓","") | AF56: =IF(Data!BD30="x","✓","") | AG56: =IF(Data!BD31="x","✓","") -> ✓ | AH56: =IF(Data!BD32="x","✓","") | AI56: =IF(Data!BD33="x","✓","") | AJ56: =IF(Data!BD34="x","✓","") | AK56: =IF(Data!BD35="x","✓","") | AL56: =IF(Data!BD36="x","✓","") | AM56: =IF(Data!BD37="x","✓","") -> ✓ | AN56: =IF(Data!BD38="x","✓","") | AO56: =IF(Data!BD39="x","✓","") | AP56: =IF(Data!BD40="x","✓","") -> ✓ | AQ56: =IF(Data!BD41="x","✓","") | AR56: =IF(Data!BD42="x","✓","") -> ✓ | AS56: =IF(Data!BD43="x","✓","") | AT56: =IF(Data!BD44="x","✓","") | AU56: =IF(Data!BD45="x","✓","") | AV56: =IF(Data!BD46="x","✓","") | AW56: =IF(Data!BD47="x","✓","") | AX56: =IF(Data!BD48="x","✓","") | AY56: =IF(Data!BD49="x","✓","") | AZ56: =IF(Data!BD50="x","✓","") | BA56: =IF(Data!BD51="x","✓","") | BB56: =IF(Data!BD52="x","✓","") | BC56: =IF(Data!BD53="x","✓","") | BD56: =IF(Data!BD54="x","✓","") | BE56: =IF(Data!BD55="x","✓","") | BF56: =IF(Data!BD56="x","✓","") | BG56: =IF(Data!BD57="x","✓","") | BH56: =IF(Data!BD58="x","✓","") | BI56: =IF(Data!BD59="x","✓","") | BJ56: =IF(Data!BD60="x","✓","") | BK56: =IF(Data!BD61="x","✓","")
B57: Richland | C57: =COUNTIF(Data!BE2:BE61,"x") -> 11 | D57: =IF(Data!BE2="x","✓","") -> ✓ | E57: =IF(Data!BE3="x","✓","") -> ✓ | F57: =IF(Data!BE4="x","✓","") | G57: =IF(Data!BE5="x","✓","") | H57: =IF(Data!BE6="x","✓","") | I57: =IF(Data!BE7="x","✓","") | J57: =IF(Data!BE8="x","✓","") | K57: =IF(Data!BE9="x","✓","") | L57: =IF(Data!BE10="x","✓","") | M57: =IF(Data!BE11="x","✓","") | N57: =IF(Data!BE12="x","✓","") | O57: =IF(Data!BE13="x","✓","") | P57: =IF(Data!BE14="x","✓","") | Q57: =IF(Data!BE15="x","✓","") | R57: =IF(Data!BE16="x","✓","") | S57: =IF(Data!BE17="x","✓","") | T57: =IF(Data!BE18="x","✓","") | U57: =IF(Data!BE19="x","✓","") | V57: =IF(Data!BE20="x","✓","") -> ✓ | W57: =IF(Data!BE21="x","✓","") -> ✓ | X57: =IF(Data!BE22="x","✓","") | Y57: =IF(Data!BE23="x","✓","") | Z57: =IF(Data!BE24="x","✓","") | AA57: =IF(Data!BE25="x","✓","") -> ✓ | AB57: =IF(Data!BE26="x","✓","") -> ✓ | AC57: =IF(Data!BE27="x","✓","") -> ✓ | AD57: =IF(Data!BE28="x","✓","") | AE57: =IF(Data!BE29="x","✓","") | AF57: =IF(Data!BE30="x","✓","") | AG57: =IF(Data!BE31="x","✓","") | AH57: =IF(Data!BE32="x","✓","") | AI57: =IF(Data!BE33="x","✓","") -> ✓ | AJ57: =IF(Data!BE34="x","✓","") | AK57: =IF(Data!BE35="x","✓","") | AL57: =IF(Data!BE36="x","✓","") | AM57: =IF(Data!BE37="x","✓","") -> ✓ | AN57: =IF(Data!BE38="x","✓","") | AO57: =IF(Data!BE39="x","✓","") | AP57: =IF(Data!BE40="x","✓","") | AQ57: =IF(Data!BE41="x","✓","") -> ✓ | AR57: =IF(Data!BE42="x","✓","") -> ✓ | AS57: =IF(Data!BE43="x","✓","") | AT57: =IF(Data!BE44="x","✓","") | AU57: =IF(Data!BE45="x","✓","") | AV57: =IF(Data!BE46="x","✓","") | AW57: =IF(Data!BE47="x","✓","") | AX57: =IF(Data!BE48="x","✓","") | AY57: =IF(Data!BE49="x","✓","") | AZ57: =IF(Data!BE50="x","✓","") | BA57: =IF(Data!BE51="x","✓","") | BB57: =IF(Data!BE52="x","✓","") | BC57: =IF(Data!BE53="x","✓","") | BD57: =IF(Data!BE54="x","✓","") | BE57: =IF(Data!BE55="x","✓","") | BF57: =IF(Data!BE56="x","✓","") | BG57: =IF(Data!BE57="x","✓","") | BH57: =IF(Data!BE58="x","✓","") | BI57: =IF(Data!BE59="x","✓","") | BJ57: =IF(Data!BE60="x","✓","") | BK57: =IF(Data!BE61="x","✓","")
B58: Rock | C58: =COUNTIF(Data!BF2:BF61,"x") -> 12 | D58: =IF(Data!BF2="x","✓","") -> ✓ | E58: =IF(Data!BF3="x","✓","") -> ✓ | F58: =IF(Data!BF4="x","✓","") | G58: =IF(Data!BF5="x","✓","") | H58: =IF(Data!BF6="x","✓","") -> ✓ | I58: =IF(Data!BF7="x","✓","") | J58: =IF(Data!BF8="x","✓","") | K58: =IF(Data!BF9="x","✓","") | L58: =IF(Data!BF10="x","✓","") | M58: =IF(Data!BF11="x","✓","") | N58: =IF(Data!BF12="x","✓","") -> ✓ | O58: =IF(Data!BF13="x","✓","") | P58: =IF(Data!BF14="x","✓","") | Q58: =IF(Data!BF15="x","✓","") | R58: =IF(Data!BF16="x","✓","") | S58: =IF(Data!BF17="x","✓","") | T58: =IF(Data!BF18="x","✓","") | U58: =IF(Data!BF19="x","✓","") | V58: =IF(Data!BF20="x","✓","") -> ✓ | W58: =IF(Data!BF21="x","✓","") -> ✓ | X58: =IF(Data!BF22="x","✓","") | Y58: =IF(Data!BF23="x","✓","") | Z58: =IF(Data!BF24="x","✓","") | AA58: =IF(Data!BF25="x","✓","") -> ✓ | AB58: =IF(Data!BF26="x","✓","") -> ✓ | AC58: =IF(Data!BF27="x","✓","") | AD58: =IF(Data!BF28="x","✓","") -> ✓ | AE58: =IF(Data!BF29="x","✓","") | AF58: =IF(Data!BF30="x","✓","") | AG58: =IF(Data!BF31="x","✓","") | AH58: =IF(Data!BF32="x","✓","") | AI58: =IF(Data!BF33="x","✓","") | AJ58: =IF(Data!BF34="x","✓","") | AK58: =IF(Data!BF35="x","✓","") | AL58: =IF(Data!BF36="x","✓","") | AM58: =IF(Data!BF37="x","✓","") -> ✓ | AN58: =IF(Data!BF38="x","✓","") | AO58: =IF(Data!BF39="x","✓","") | AP58: =IF(Data!BF40="x","✓","") | AQ58: =IF(Data!BF41="x","✓","") -> ✓ | AR58: =IF(Data!BF42="x","✓","") -> ✓ | AS58: =IF(Data!BF43="x","✓","") | AT58: =IF(Data!BF44="x","✓","") | AU58: =IF(Data!BF45="x","✓","") | AV58: =IF(Data!BF46="x","✓","") | AW58: =IF(Data!BF47="x","✓","") | AX58: =IF(Data!BF48="x","✓","") | AY58: =IF(Data!BF49="x","✓","") | AZ58: =IF(Data!BF50="x","✓","") | BA58: =IF(Data!BF51="x","✓","") | BB58: =IF(Data!BF52="x","✓","") | BC58: =IF(Data!BF53="x","✓","") | BD58: =IF(Data!BF54="x","✓","") | BE58: =IF(Data!BF55="x","✓","") | BF58: =IF(Data!BF56="x","✓","") | BG58: =IF(Data!BF57="x","✓","") | BH58: =IF(Data!BF58="x","✓","") | BI58: =IF(Data!BF59="x","✓","") | BJ58: =IF(Data!BF60="x","✓","") | BK58: =IF(Data!BF61="x","✓","")
B59: Rusk | C59: =COUNTIF(Data!BG2:BG61,"x") -> 6 | D59: =IF(Data!BG2="x","✓","") | E59: =IF(Data!BG3="x","✓","") | F59: =IF(Data!BG4="x","✓","") | G59: =IF(Data!BG5="x","✓","") | H59: =IF(Data!BG6="x","✓","") | I59: =IF(Data!BG7="x","✓","") | J59: =IF(Data!BG8="x","✓","") | K59: =IF(Data!BG9="x","✓","") | L59: =IF(Data!BG10="x","✓","") | M59: =IF(Data!BG11="x","✓","") | N59: =IF(Data!BG12="x","✓","") | O59: =IF(Data!BG13="x","✓","") | P59: =IF(Data!BG14="x","✓","") | Q59: =IF(Data!BG15="x","✓","") | R59: =IF(Data!BG16="x","✓","") | S59: =IF(Data!BG17="x","✓","") | T59: =IF(Data!BG18="x","✓","") | U59: =IF(Data!BG19="x","✓","") -> ✓ | V59: =IF(Data!BG20="x","✓","") | W59: =IF(Data!BG21="x","✓","") | X59: =IF(Data!BG22="x","✓","") | Y59: =IF(Data!BG23="x","✓","") | Z59: =IF(Data!BG24="x","✓","") | AA59: =IF(Data!BG25="x","✓","") | AB59: =IF(Data!BG26="x","✓","") | AC59: =IF(Data!BG27="x","✓","") | AD59: =IF(Data!BG28="x","✓","") | AE59: =IF(Data!BG29="x","✓","") -> ✓ | AF59: =IF(Data!BG30="x","✓","") | AG59: =IF(Data!BG31="x","✓","") | AH59: =IF(Data!BG32="x","✓","") | AI59: =IF(Data!BG33="x","✓","") | AJ59: =IF(Data!BG34="x","✓","") | AK59: =IF(Data!BG35="x","✓","") | AL59: =IF(Data!BG36="x","✓","") -> ✓ | AM59: =IF(Data!BG37="x","✓","") | AN59: =IF(Data!BG38="x","✓","") -> ✓ | AO59: =IF(Data!BG39="x","✓","") -> ✓ | AP59: =IF(Data!BG40="x","✓","") | AQ59: =IF(Data!BG41="x","✓","") | AR59: =IF(Data!BG42="x","✓","") -> ✓ | AS59: =IF(Data!BG43="x","✓","") | AT59: =IF(Data!BG44="x","✓","") | AU59: =IF(Data!BG45="x","✓","") | AV59: =IF(Data!BG46="x","✓","") | AW59: =IF(Data!BG47="x","✓","") | AX59: =IF(Data!BG48="x","✓","") | AY59: =IF(Data!BG49="x","✓","") | AZ59: =IF(Data!BG50="x","✓","") | BA59: =IF(Data!BG51="x","✓","") | BB59: =IF(Data!BG52="x","✓","") | BC59: =IF(Data!BG53="x","✓","") | BD59: =IF(Data!BG54="x","✓","") | BE59: =IF(Data!BG55="x","✓","") | BF59: =IF(Data!BG56="x","✓","") | BG59: =IF(Data!BG57="x","✓","") | BH59: =IF(Data!BG58="x","✓","") | BI59: =IF(Data!BG59="x","✓","") | BJ59: =IF(Data!BG60="x","✓","") | BK59: =IF(Data!BG61="x","✓","")
B60: Sauk | C60: =COUNTIF(Data!BH2:BH61,"x") -> 10 | D60: =IF(Data!BH2="x","✓","") -> ✓ | E60: =IF(Data!BH3="x","✓","") -> ✓ | F60: =IF(Data!BH4="x","✓","") | G60: =IF(Data!BH5="x","✓","") | H60: =IF(Data!BH6="x","✓","") | I60: =IF(Data!BH7="x","✓","") | J60: =IF(Data!BH8="x","✓","") | K60: =IF(Data!BH9="x","✓","") | L60: =IF(Data!BH10="x","✓","") | M60: =IF(Data!BH11="x","✓","") | N60: =IF(Data!BH12="x","✓","") | O60: =IF(Data!BH13="x","✓","") | P60: =IF(Data!BH14="x","✓","") | Q60: =IF(Data!BH15="x","✓","") | R60: =IF(Data!BH16="x","✓","") | S60: =IF(Data!BH17="x","✓","") | T60: =IF(Data!BH18="x","✓","") | U60: =IF(Data!BH19="x","✓","") | V60: =IF(Data!BH20="x","✓","") -> ✓ | W60: =IF(Data!BH21="x","✓","") -> ✓ | X60: =IF(Data!BH22="x","✓","") | Y60: =IF(Data!BH23="x","✓","") | Z60: =IF(Data!BH24="x","✓","") | AA60: =IF(Data!BH25="x","✓","") -> ✓ | AB60: =IF(Data!BH26="x","✓","") -> ✓ | AC60: =IF(Data!BH27="x","✓","") -> ✓ | AD60: =IF(Data!BH28="x","✓","") | AE60: =IF(Data!BH29="x","✓","") | AF60: =IF(Data!BH30="x","✓","") | AG60: =IF(Data!BH31="x","✓","") | AH60: =IF(Data!BH32="x","✓","") | AI60: =IF(Data!BH33="x","✓","") | AJ60: =IF(Data!BH34="x","✓","") | AK60: =IF(Data!BH35="x","✓","") | AL60: =IF(Data!BH36="x","✓","") | AM60: =IF(Data!BH37="x","✓","") -> ✓ | AN60: =IF(Data!BH38="x","✓","") | AO60: =IF(Data!BH39="x","✓","") | AP60: =IF(Data!BH40="x","✓","") | AQ60: =IF(Data!BH41="x","✓","") -> ✓ | AR60: =IF(Data!BH42="x","✓","") -> ✓ | AS60: =IF(Data!BH43="x","✓","") | AT60: =IF(Data!BH44="x","✓","") | AU60: =IF(Data!BH45="x","✓","") | AV60: =IF(Data!BH46="x","✓","") | AW60: =IF(Data!BH47="x","✓","") | AX60: =IF(Data!BH48="x","✓","") | AY60: =IF(Data!BH49="x","✓","") | AZ60: =IF(Data!BH50="x","✓","") | BA60: =IF(Data!BH51="x","✓","") | BB60: =IF(Data!BH52="x","✓","") | BC60: =IF(Data!BH53="x","✓","") | BD60: =IF(Data!BH54="x","✓","") | BE60: =IF(Data!BH55="x","✓","") | BF60: =IF(Data!BH56="x","✓","") | BG60: =IF(Data!BH57="x","✓","") | BH60: =IF(Data!BH58="x","✓","") | BI60: =IF(Data!BH59="x","✓","") | BJ60: =IF(Data!BH60="x","✓","") | BK60: =IF(Data!BH61="x","✓","")
B61: Sawyer | C61: =COUNTIF(Data!BI2:BI61,"x") -> 5 | D61: =IF(Data!BI2="x","✓","") | E61: =IF(Data!BI3="x","✓","") | F61: =IF(Data!BI4="x","✓","") | G61: =IF(Data!BI5="x","✓","") | H61: =IF(Data!BI6="x","✓","") | I61: =IF(Data!BI7="x","✓","") | J61: =IF(Data!BI8="x","✓","") | K61: =IF(Data!BI9="x","✓","") | L61: =IF(Data!BI10="x","✓","") | M61: =IF(Data!BI11="x","✓","") | N61: =IF(Data!BI12="x","✓","") | O61: =IF(Data!BI13="x","✓","") | P61: =IF(Data!BI14="x","✓","") | Q61: =IF(Data!BI15="x","✓","") | R61: =IF(Data!BI16="x","✓","") | S61: =IF(Data!BI17="x","✓","") | T61: =IF(Data!BI18="x","✓","") | U61: =IF(Data!BI19="x","✓","") | V61: =IF(Data!BI20="x","✓","") | W61: =IF(Data!BI21="x","✓","") | X61: =IF(Data!BI22="x","✓","") | Y61: =IF(Data!BI23="x","✓","") | Z61: =IF(Data!BI24="x","✓","") | AA61: =IF(Data!BI25="x","✓","") | AB61: =IF(Data!BI26="x","✓","") | AC61: =IF(Data!BI27="x","✓","") | AD61: =IF(Data!BI28="x","✓","") | AE61: =IF(Data!BI29="x","✓","") -> ✓ | AF61: =IF(Data!BI30="x","✓","") | AG61: =IF(Data!BI31="x","✓","") | AH61: =IF(Data!BI32="x","✓","") | AI61: =IF(Data!BI33="x","✓","") | AJ61: =IF(Data!BI34="x","✓","") | AK61: =IF(Data!BI35="x","✓","") | AL61: =IF(Data!BI36="x","✓","") -> ✓ | AM61: =IF(Data!BI37="x","✓","") | AN61: =IF(Data!BI38="x","✓","") -> ✓ | AO61: =IF(Data!BI39="x","✓","") -> ✓ | AP61: =IF(Data!BI40="x","✓","") | AQ61: =IF(Data!BI41="x","✓","") | AR61: =IF(Data!BI42="x","✓","") -> ✓ | AS61: =IF(Data!BI43="x","✓","") | AT61: =IF(Data!BI44="x","✓","") | AU61: =IF(Data!BI45="x","✓","") | AV61: =IF(Data!BI46="x","✓","") | AW61: =IF(Data!BI47="x","✓","") | AX61: =IF(Data!BI48="x","✓","") | AY61: =IF(Data!BI49="x","✓","") | AZ61: =IF(Data!BI50="x","✓","") | BA61: =IF(Data!BI51="x","✓","") | BB61: =IF(Data!BI52="x","✓","") | BC61: =IF(Data!BI53="x","✓","") | BD61: =IF(Data!BI54="x","✓","") | BE61: =IF(Data!BI55="x","✓","") | BF61: =IF(Data!BI56="x","✓","") | BG61: =IF(Data!BI57="x","✓","") | BH61: =IF(Data!BI58="x","✓","") | BI61: =IF(Data!BI59="x","✓","") | BJ61: =IF(Data!BI60="x","✓","") | BK61: =IF(Data!BI61="x","✓","")
B62: Shawano | C62: =COUNTIF(Data!BJ2:BJ61,"x") -> 5 | D62: =IF(Data!BJ2="x","✓","") | E62: =IF(Data!BJ3="x","✓","") | F62: =IF(Data!BJ4="x","✓","") | G62: =IF(Data!BJ5="x","✓","") | H62: =IF(Data!BJ6="x","✓","") | I62: =IF(Data!BJ7="x","✓","") | J62: =IF(Data!BJ8="x","✓","") | K62: =IF(Data!BJ9="x","✓","") | L62: =IF(Data!BJ10="x","✓","") | M62: =IF(Data!BJ11="x","✓","") | N62: =IF(Data!BJ12="x","✓","") | O62: =IF(Data!BJ13="x","✓","") | P62: =IF(Data!BJ14="x","✓","") | Q62: =IF(Data!BJ15="x","✓","") -> ✓ | R62: =IF(Data!BJ16="x","✓","") | S62: =IF(Data!BJ17="x","✓","") | T62: =IF(Data!BJ18="x","✓","") | U62: =IF(Data!BJ19="x","✓","") | V62: =IF(Data!BJ20="x","✓","") | W62: =IF(Data!BJ21="x","✓","") | X62: =IF(Data!BJ22="x","✓","") | Y62: =IF(Data!BJ23="x","✓","") | Z62: =IF(Data!BJ24="x","✓","") | AA62: =IF(Data!BJ25="x","✓","") | AB62: =IF(Data!BJ26="x","✓","") | AC62: =IF(Data!BJ27="x","✓","") | AD62: =IF(Data!BJ28="x","✓","") | AE62: =IF(Data!BJ29="x","✓","") | AF62: =IF(Data!BJ30="x","✓","") -> ✓ | AG62: =IF(Data!BJ31="x","✓","") | AH62: =IF(Data!BJ32="x","✓","") -> ✓ | AI62: =IF(Data!BJ33="x","✓","") | AJ62: =IF(Data!BJ34="x","✓","") | AK62: =IF(Data!BJ35="x","✓","") -> ✓ | AL62: =IF(Data!BJ36="x","✓","") | AM62: =IF(Data!BJ37="x","✓","") | AN62: =IF(Data!BJ38="x","✓","") | AO62: =IF(Data!BJ39="x","✓","") | AP62: =IF(Data!BJ40="x","✓","") | AQ62: =IF(Data!BJ41="x","✓","") | AR62: =IF(Data!BJ42="x","✓","") -> ✓ | AS62: =IF(Data!BJ43="x","✓","") | AT62: =IF(Data!BJ44="x","✓","") | AU62: =IF(Data!BJ45="x","✓","") | AV62: =IF(Data!BJ46="x","✓","") | AW62: =IF(Data!BJ47="x","✓","") | AX62: =IF(Data!BJ48="x","✓","") | AY62: =IF(Data!BJ49="x","✓","") | AZ62: =IF(Data!BJ50="x","✓","") | BA62: =IF(Data!BJ51="x","✓","") | BB62: =IF(Data!BJ52="x","✓","") | BC62: =IF(Data!BJ53="x","✓","") | BD62: =IF(Data!BJ54="x","✓","") | BE62: =IF(Data!BJ55="x","✓","") | BF62: =IF(Data!BJ56="x","✓","") | BG62: =IF(Data!BJ57="x","✓","") | BH62: =IF(Data!BJ58="x","✓","") | BI62: =IF(Data!BJ59="x","✓","") | BJ62: =IF(Data!BJ60="x","✓","") | BK62: =IF(Data!BJ61="x","✓","")
B63: Sheboygan | C63: =COUNTIF(Data!BK2:BK61,"x") -> 9 | D63: =IF(Data!BK2="x","✓","") -> ✓ | E63: =IF(Data!BK3="x","✓","") -> ✓ | F63: =IF(Data!BK4="x","✓","") | G63: =IF(Data!BK5="x","✓","") | H63: =IF(Data!BK6="x","✓","") | I63: =IF(Data!BK7="x","✓","") | J63: =IF(Data!BK8="x","✓","") | K63: =IF(Data!BK9="x","✓","") | L63: =IF(Data!BK10="x","✓","") | M63: =IF(Data!BK11="x","✓","") | N63: =IF(Data!BK12="x","✓","") | O63: =IF(Data!BK13="x","✓","") | P63: =IF(Data!BK14="x","✓","") | Q63: =IF(Data!BK15="x","✓","") | R63: =IF(Data!BK16="x","✓","") -> ✓ | S63: =IF(Data!BK17="x","✓","") | T63: =IF(Data!BK18="x","✓","") | U63: =IF(Data!BK19="x","✓","") | V63: =IF(Data!BK20="x","✓","") | W63: =IF(Data!BK21="x","✓","") | X63: =IF(Data!BK22="x","✓","") | Y63: =IF(Data!BK23="x","✓","") | Z63: =IF(Data!BK24="x","✓","") | AA63: =IF(Data!BK25="x","✓","") -> ✓ | AB63: =IF(Data!BK26="x","✓","") -> ✓ | AC63: =IF(Data!BK27="x","✓","") | AD63: =IF(Data!BK28="x","✓","") -> ✓ | AE63: =IF(Data!BK29="x","✓","") | AF63: =IF(Data!BK30="x","✓","") | AG63: =IF(Data!BK31="x","✓","") -> ✓ | AH63: =IF(Data!BK32="x","✓","") | AI63: =IF(Data!BK33="x","✓","") | AJ63: =IF(Data!BK34="x","✓","") | AK63: =IF(Data!BK35="x","✓","") -> ✓ | AL63: =IF(Data!BK36="x","✓","") | AM63: =IF(Data!BK37="x","✓","") | AN63: =IF(Data!BK38="x","✓","") | AO63: =IF(Data!BK39="x","✓","") | AP63: =IF(Data!BK40="x","✓","") | AQ63: =IF(Data!BK41="x","✓","") | AR63: =IF(Data!BK42="x","✓","") -> ✓ | AS63: =IF(Data!BK43="x","✓","") | AT63: =IF(Data!BK44="x","✓","") | AU63: =IF(Data!BK45="x","✓","") | AV63: =IF(Data!BK46="x","✓","") | AW63: =IF(Data!BK47="x","✓","") | AX63: =IF(Data!BK48="x","✓","") | AY63: =IF(Data!BK49="x","✓","") | AZ63: =IF(Data!BK50="x","✓","") | BA63: =IF(Data!BK51="x","✓","") | BB63: =IF(Data!BK52="x","✓","") | BC63: =IF(Data!BK53="x","✓","") | BD63: =IF(Data!BK54="x","✓","") | BE63: =IF(Data!BK55="x","✓","") | BF63: =IF(Data!BK56="x","✓","") | BG63: =IF(Data!BK57="x","✓","") | BH63: =IF(Data!BK58="x","✓","") | BI63: =IF(Data!BK59="x","✓","") | BJ63: =IF(Data!BK60="x","✓","") | BK63: =IF(Data!BK61="x","✓","")
B64: St. Croix | C64: =COUNTIF(Data!BL2:BL61,"x") -> 6 | D64: =IF(Data!BL2="x","✓","") | E64: =IF(Data!BL3="x","✓","") | F64: =IF(Data!BL4="x","✓","") | G64: =IF(Data!BL5="x","✓","") | H64: =IF(Data!BL6="x","✓","") | I64: =IF(Data!BL7="x","✓","") | J64: =IF(Data!BL8="x","✓","") | K64: =IF(Data!BL9="x","✓","") | L64: =IF(Data!BL10="x","✓","") | M64: =IF(Data!BL11="x","✓","") | N64: =IF(Data!BL12="x","✓","") | O64: =IF(Data!BL13="x","✓","") | P64: =IF(Data!BL14="x","✓","") | Q64: =IF(Data!BL15="x","✓","") | R64: =IF(Data!BL16="x","✓","") | S64: =IF(Data!BL17="x","✓","") | T64: =IF(Data!BL18="x","✓","") | U64: =IF(Data!BL19="x","✓","") -> ✓ | V64: =IF(Data!BL20="x","✓","") | W64: =IF(Data!BL21="x","✓","") | X64: =IF(Data!BL22="x","✓","") | Y64: =IF(Data!BL23="x","✓","") | Z64: =IF(Data!BL24="x","✓","") | AA64: =IF(Data!BL25="x","✓","") | AB64: =IF(Data!BL26="x","✓","") | AC64: =IF(Data!BL27="x","✓","") | AD64: =IF(Data!BL28="x","✓","") | AE64: =IF(Data!BL29="x","✓","") -> ✓ | AF64: =IF(Data!BL30="x","✓","") | AG64: =IF(Data!BL31="x","✓","") | AH64: =IF(Data!BL32="x","✓","") | AI64: =IF(Data!BL33="x","✓","") | AJ64: =IF(Data!BL34="x","✓","") | AK64: =IF(Data!BL35="x","✓","") | AL64: =IF(Data!BL36="x","✓","") -> ✓ | AM64: =IF(Data!BL37="x","✓","") | AN64: =IF(Data!BL38="x","✓","") -> ✓ | AO64: =IF(Data!BL39="x","✓","") -> ✓ | AP64: =IF(Data!BL40="x","✓","") | AQ64: =IF(Data!BL41="x","✓","") | AR64: =IF(Data!BL42="x","✓","") -> ✓ | AS64: =IF(Data!BL43="x","✓","") | AT64: =IF(Data!BL44="x","✓","") | AU64: =IF(Data!BL45="x","✓","") | AV64: =IF(Data!BL46="x","✓","") | AW64: =IF(Data!BL47="x","✓","") | AX64: =IF(Data!BL48="x","✓","") | AY64: =IF(Data!BL49="x","✓","") | AZ64: =IF(Data!BL50="x","✓","") | BA64: =IF(Data!BL51="x","✓","") | BB64: =IF(Data!BL52="x","✓","") | BC64: =IF(Data!BL53="x","✓","") | BD64: =IF(Data!BL54="x","✓","") | BE64: =IF(Data!BL55="x","✓","") | BF64: =IF(Data!BL56="x","✓","") | BG64: =IF(Data!BL57="x","✓","") | BH64: =IF(Data!BL58="x","✓","") | BI64: =IF(Data!BL59="x","✓","") | BJ64: =IF(Data!BL60="x","✓","") | BK64: =IF(Data!BL61="x","✓","")
B65: Taylor | C65: =COUNTIF(Data!BM2:BM61,"x") -> 6 | D65: =IF(Data!BM2="x","✓","") | E65: =IF(Data!BM3="x","✓","") | F65: =IF(Data!BM4="x","✓","") | G65: =IF(Data!BM5="x","✓","") | H65: =IF(Data!BM6="x","✓","") | I65: =IF(Data!BM7="x","✓","") | J65: =IF(Data!BM8="x","✓","") | K65: =IF(Data!BM9="x","✓","") | L65: =IF(Data!BM10="x","✓","") | M65: =IF(Data!BM11="x","✓","") | N65: =IF(Data!BM12="x","✓","") | O65: =IF(Data!BM13="x","✓","") | P65: =IF(Data!BM14="x","✓","") | Q65: =IF(Data!BM15="x","✓","") | R65: =IF(Data!BM16="x","✓","") | S65: =IF(Data!BM17="x","✓","") | T65: =IF(Data!BM18="x","✓","") | U65: =IF(Data!BM19="x","✓","") -> ✓ | V65: =IF(Data!BM20="x","✓","") | W65: =IF(Data!BM21="x","✓","") | X65: =IF(Data!BM22="x","✓","") | Y65: =IF(Data!BM23="x","✓","") | Z65: =IF(Data!BM24="x","✓","") | AA65: =IF(Data!BM25="x","✓","") | AB65: =IF(Data!BM26="x","✓","") | AC65: =IF(Data!BM27="x","✓","") | AD65: =IF(Data!BM28="x","✓","") | AE65: =IF(Data!BM29="x","✓","") -> ✓ | AF65: =IF(Data!BM30="x","✓","") | AG65: =IF(Data!BM31="x","✓","") | AH65: =IF(Data!BM32="x","✓","") | AI65: =IF(Data!BM33="x","✓","") | AJ65: =IF(Data!BM34="x","✓","") | AK65: =IF(Data!BM35="x","✓","") | AL65: =IF(Data!BM36="x","✓","") -> ✓ | AM65: =IF(Data!BM37="x","✓","") | AN65: =IF(Data!BM38="x","✓","") -> ✓ | AO65: =IF(Data!BM39="x","✓","") -> ✓ | AP65: =IF(Data!BM40="x","✓","") | AQ65: =IF(Data!BM41="x","✓","") | AR65: =IF(Data!BM42="x","✓","") -> ✓ | AS65: =IF(Data!BM43="x","✓","") | AT65: =IF(Data!BM44="x","✓","") | AU65: =IF(Data!BM45="x","✓","") | AV65: =IF(Data!BM46="x","✓","") | AW65: =IF(Data!BM47="x","✓","") | AX65: =IF(Data!BM48="x","✓","") | AY65: =IF(Data!BM49="x","✓","") | AZ65: =IF(Data!BM50="x","✓","") | BA65: =IF(Data!BM51="x","✓","") | BB65: =IF(Data!BM52="x","✓","") | BC65: =IF(Data!BM53="x","✓","") | BD65: =IF(Data!BM54="x","✓","") | BE65: =IF(Data!BM55="x","✓","") | BF65: =IF(Data!BM56="x","✓","") | BG65: =IF(Data!BM57="x","✓","") | BH65: =IF(Data!BM58="x","✓","") | BI65: =IF(Data!BM59="x","✓","") | BJ65: =IF(Data!BM60="x","✓","") | BK65: =IF(Data!BM61="x","✓","")
B66: Trempealeau | C66: =COUNTIF(Data!BN2:BN61,"x") -> 8 | D66: =IF(Data!BN2="x","✓","") | E66: =IF(Data!BN3="x","✓","") | F66: =IF(Data!BN4="x","✓","") | G66: =IF(Data!BN5="x","✓","") | H66: =IF(Data!BN6="x","✓","") | I66: =IF(Data!BN7="x","✓","") | J66: =IF(Data!BN8="x","✓","") | K66: =IF(Data!BN9="x","✓","") | L66: =IF(Data!BN10="x","✓","") | M66: =IF(Data!BN11="x","✓","") | N66: =IF(Data!BN12="x","✓","") | O66: =IF(Data!BN13="x","✓","") | P66: =IF(Data!BN14="x","✓","") | Q66: =IF(Data!BN15="x","✓","") | R66: =IF(Data!BN16="x","✓","") | S66: =IF(Data!BN17="x","✓","") -> ✓ | T66: =IF(Data!BN18="x","✓","") | U66: =IF(Data!BN19="x","✓","") -> ✓ | V66: =IF(Data!BN20="x","✓","") | W66: =IF(Data!BN21="x","✓","") | X66: =IF(Data!BN22="x","✓","") | Y66: =IF(Data!BN23="x","✓","") | Z66: =IF(Data!BN24="x","✓","") | AA66: =IF(Data!BN25="x","✓","") | AB66: =IF(Data!BN26="x","✓","") | AC66: =IF(Data!BN27="x","✓","") -> ✓ | AD66: =IF(Data!BN28="x","✓","") | AE66: =IF(Data!BN29="x","✓","") | AF66: =IF(Data!BN30="x","✓","") | AG66: =IF(Data!BN31="x","✓","") | AH66: =IF(Data!BN32="x","✓","") | AI66: =IF(Data!BN33="x","✓","") -> ✓ | AJ66: =IF(Data!BN34="x","✓","") | AK66: =IF(Data!BN35="x","✓","") | AL66: =IF(Data!BN36="x","✓","") -> ✓ | AM66: =IF(Data!BN37="x","✓","") | AN66: =IF(Data!BN38="x","✓","") -> ✓ | AO66: =IF(Data!BN39="x","✓","") -> ✓ | AP66: =IF(Data!BN40="x","✓","") | AQ66: =IF(Data!BN41="x","✓","") | AR66: =IF(Data!BN42="x","✓","") -> ✓ | AS66: =IF(Data!BN43="x","✓","") | AT66: =IF(Data!BN44="x","✓","") | AU66: =IF(Data!BN45="x","✓","") | AV66: =IF(Data!BN46="x","✓","") | AW66: =IF(Data!BN47="x","✓","") | AX66: =IF(Data!BN48="x","✓","") | AY66: =IF(Data!BN49="x","✓","") | AZ66: =IF(Data!BN50="x","✓","") | BA66: =IF(Data!BN51="x","✓","") | BB66: =IF(Data!BN52="x","✓","") | BC66: =IF(Data!BN53="x","✓","") | BD66: =IF(Data!BN54="x","✓","") | BE66: =IF(Data!BN55="x","✓","") | BF66: =IF(Data!BN56="x","✓","") | BG66: =IF(Data!BN57="x","✓","") | BH66: =IF(Data!BN58="x","✓","") | BI66: =IF(Data!BN59="x","✓","") | BJ66: =IF(Data!BN60="x","✓","") | BK66: =IF(Data!BN61="x","✓","")
B67: Vernon | C67: =COUNTIF(Data!BO2:BO61,"x") -> 6 | D67: =IF(Data!BO2="x","✓","") | E67: =IF(Data!BO3="x","✓","") | F67: =IF(Data!BO4="x","✓","") | G67: =IF(Data!BO5="x","✓","") | H67: =IF(Data!BO6="x","✓","") | I67: =IF(Data!BO7="x","✓","") | J67: =IF(Data!BO8="x","✓","") | K67: =IF(Data!BO9="x","✓","") | L67: =IF(Data!BO10="x","✓","") | M67: =IF(Data!BO11="x","✓","") | N67: =IF(Data!BO12="x","✓","") | O67: =IF(Data!BO13="x","✓","") | P67: =IF(Data!BO14="x","✓","") | Q67: =IF(Data!BO15="x","✓","") | R67: =IF(Data!BO16="x","✓","") | S67: =IF(Data!BO17="x","✓","") -> ✓ | T67: =IF(Data!BO18="x","✓","") | U67: =IF(Data!BO19="x","✓","") | V67: =IF(Data!BO20="x","✓","") | W67: =IF(Data!BO21="x","✓","") | X67: =IF(Data!BO22="x","✓","") | Y67: =IF(Data!BO23="x","✓","") | Z67: =IF(Data!BO24="x","✓","") | AA67: =IF(Data!BO25="x","✓","") | AB67: =IF(Data!BO26="x","✓","") | AC67: =IF(Data!BO27="x","✓","") -> ✓ | AD67: =IF(Data!BO28="x","✓","") | AE67: =IF(Data!BO29="x","✓","") | AF67: =IF(Data!BO30="x","✓","") | AG67: =IF(Data!BO31="x","✓","") | AH67: =IF(Data!BO32="x","✓","") | AI67: =IF(Data!BO33="x","✓","") -> ✓ | AJ67: =IF(Data!BO34="x","✓","") | AK67: =IF(Data!BO35="x","✓","") | AL67: =IF(Data!BO36="x","✓","") | AM67: =IF(Data!BO37="x","✓","") -> ✓ | AN67: =IF(Data!BO38="x","✓","") | AO67: =IF(Data!BO39="x","✓","") | AP67: =IF(Data!BO40="x","✓","") | AQ67: =IF(Data!BO41="x","✓","") -> ✓ | AR67: =IF(Data!BO42="x","✓","") -> ✓ | AS67: =IF(Data!BO43="x","✓","") | AT67: =IF(Data!BO44="x","✓","") | AU67: =IF(Data!BO45="x","✓","") | AV67: =IF(Data!BO46="x","✓","") | AW67: =IF(Data!BO47="x","✓","") | AX67: =IF(Data!BO48="x","✓","") | AY67: =IF(Data!BO49="x","✓","") | AZ67: =IF(Data!BO50="x","✓","") | BA67: =IF(Data!BO51="x","✓","") | BB67: =IF(Data!BO52="x","✓","") | BC67: =IF(Data!BO53="x","✓","") | BD67: =IF(Data!BO54="x","✓","") | BE67: =IF(Data!BO55="x","✓","") | BF67: =IF(Data!BO56="x","✓","") | BG67: =IF(Data!BO57="x","✓","") | BH67: =IF(Data!BO58="x","✓","") | BI67: =IF(Data!BO59="x","✓","") | BJ67: =IF(Data!BO60="x","✓","") | BK67: =IF(Data!BO61="x","✓","")
B68: Vilas | C68: =COUNTIF(Data!BP2:BP61,"x") -> 3 | D68: =IF(Data!BP2="x","✓","") | E68: =IF(Data!BP3="x","✓","") | F68: =IF(Data!BP4="x","✓","") | G68: =IF(Data!BP5="x","✓","") | H68: =IF(Data!BP6="x","✓","") | I68: =IF(Data!BP7="x","✓","") | J68: =IF(Data!BP8="x","✓","") | K68: =IF(Data!BP9="x","✓","") | L68: =IF(Data!BP10="x","✓","") | M68: =IF(Data!BP11="x","✓","") | N68: =IF(Data!BP12="x","✓","") | O68: =IF(Data!BP13="x","✓","") | P68: =IF(Data!BP14="x","✓","") | Q68: =IF(Data!BP15="x","✓","") | R68: =IF(Data!BP16="x","✓","") | S68: =IF(Data!BP17="x","✓","") | T68: =IF(Data!BP18="x","✓","") | U68: =IF(Data!BP19="x","✓","") | V68: =IF(Data!BP20="x","✓","") | W68: =IF(Data!BP21="x","✓","") | X68: =IF(Data!BP22="x","✓","") | Y68: =IF(Data!BP23="x","✓","") | Z68: =IF(Data!BP24="x","✓","") | AA68: =IF(Data!BP25="x","✓","") | AB68: =IF(Data!BP26="x","✓","") | AC68: =IF(Data!BP27="x","✓","") | AD68: =IF(Data!BP28="x","✓","") | AE68: =IF(Data!BP29="x","✓","") -> ✓ | AF68: =IF(Data!BP30="x","✓","") | AG68: =IF(Data!BP31="x","✓","") | AH68: =IF(Data!BP32="x","✓","") | AI68: =IF(Data!BP33="x","✓","") | AJ68: =IF(Data!BP34="x","✓","") | AK68: =IF(Data!BP35="x","✓","") | AL68: =IF(Data!BP36="x","✓","") -> ✓ | AM68: =IF(Data!BP37="x","✓","") | AN68: =IF(Data!BP38="x","✓","") | AO68: =IF(Data!BP39="x","✓","") | AP68: =IF(Data!BP40="x","✓","") | AQ68: =IF(Data!BP41="x","✓","") | AR68: =IF(Data!BP42="x","✓","") -> ✓ | AS68: =IF(Data!BP43="x","✓","") | AT68: =IF(Data!BP44="x","✓","") | AU68: =IF(Data!BP45="x","✓","") | AV68: =IF(Data!BP46="x","✓","") | AW68: =IF(Data!BP47="x","✓","") | AX68: =IF(Data!BP48="x","✓","") | AY68: =IF(Data!BP49="x","✓","") | AZ68: =IF(Data!BP50="x","✓","") | BA68: =IF(Data!BP51="x","✓","") | BB68: =IF(Data!BP52="x","✓","") | BC68: =IF(Data!BP53="x","✓","") | BD68: =IF(Data!BP54="x","✓","") | BE68: =IF(Data!BP55="x","✓","") | BF68: =IF(Data!BP56="x","✓","") | BG68: =IF(Data!BP57="x","✓","") | BH68: =IF(Data!BP58="x","✓","") | BI68: =IF(Data!BP59="x","✓","") | BJ68: =IF(Data!BP60="x","✓","") | BK68: =IF(Data!BP61="x","✓","")
B69: Walworth | C69: =COUNTIF(Data!BQ2:BQ61,"x") -> 11 | D69: =IF(Data!BQ2="x","✓","") -> ✓ | E69: =IF(Data!BQ3="x","✓","") -> ✓ | F69: =IF(Data!BQ4="x","✓","") | G69: =IF(Data!BQ5="x","✓","") | H69: =IF(Data!BQ6="x","✓","") | I69: =IF(Data!BQ7="x","✓","") | J69: =IF(Data!BQ8="x","✓","") | K69: =IF(Data!BQ9="x","✓","") | L69: =IF(Data!BQ10="x","✓","") | M69: =IF(Data!BQ11="x","✓","") | N69: =IF(Data!BQ12="x","✓","") | O69: =IF(Data!BQ13="x","✓","") | P69: =IF(Data!BQ14="x","✓","") | Q69: =IF(Data!BQ15="x","✓","") | R69: =IF(Data!BQ16="x","✓","") | S69: =IF(Data!BQ17="x","✓","") | T69: =IF(Data!BQ18="x","✓","") | U69: =IF(Data!BQ19="x","✓","") | V69: =IF(Data!BQ20="x","✓","") -> ✓ | W69: =IF(Data!BQ21="x","✓","") -> ✓ | X69: =IF(Data!BQ22="x","✓","") | Y69: =IF(Data!BQ23="x","✓","") | Z69: =IF(Data!BQ24="x","✓","") | AA69: =IF(Data!BQ25="x","✓","") -> ✓ | AB69: =IF(Data!BQ26="x","✓","") -> ✓ | AC69: =IF(Data!BQ27="x","✓","") | AD69: =IF(Data!BQ28="x","✓","") -> ✓ | AE69: =IF(Data!BQ29="x","✓","") | AF69: =IF(Data!BQ30="x","✓","") | AG69: =IF(Data!BQ31="x","✓","") -> ✓ | AH69: =IF(Data!BQ32="x","✓","") | AI69: =IF(Data!BQ33="x","✓","") | AJ69: =IF(Data!BQ34="x","✓","") | AK69: =IF(Data!BQ35="x","✓","") | AL69: =IF(Data!BQ36="x","✓","") | AM69: =IF(Data!BQ37="x","✓","") -> ✓ | AN69: =IF(Data!BQ38="x","✓","") | AO69: =IF(Data!BQ39="x","✓","") | AP69: =IF(Data!BQ40="x","✓","") -> ✓ | AQ69: =IF(Data!BQ41="x","✓","") | AR69: =IF(Data!BQ42="x","✓","") -> ✓ | AS69: =IF(Data!BQ43="x","✓","") | AT69: =IF(Data!BQ44="x","✓","") | AU69: =IF(Data!BQ45="x","✓","") | AV69: =IF(Data!BQ46="x","✓","") | AW69: =IF(Data!BQ47="x","✓","") | AX69: =IF(Data!BQ48="x","✓","") | AY69: =IF(Data!BQ49="x","✓","") | AZ69: =IF(Data!BQ50="x","✓","") | BA69: =IF(Data!BQ51="x","✓","") | BB69: =IF(Data!BQ52="x","✓","") | BC69: =IF(Data!BQ53="x","✓","") | BD69: =IF(Data!BQ54="x","✓","") | BE69: =IF(Data!BQ55="x","✓","") | BF69: =IF(Data!BQ56="x","✓","") | BG69: =IF(Data!BQ57="x","✓","") | BH69: =IF(Data!BQ58="x","✓","") | BI69: =IF(Data!BQ59="x","✓","") | BJ69: =IF(Data!BQ60="x","✓","") | BK69: =IF(Data!BQ61="x","✓","")
B70: Washburn | C70: =COUNTIF(Data!BR2:BR61,"x") -> 5 | D70: =IF(Data!BR2="x","✓","") | E70: =IF(Data!BR3="x","✓","") | F70: =IF(Data!BR4="x","✓","") | G70: =IF(Data!BR5="x","✓","") | H70: =IF(Data!BR6="x","✓","") | I70: =IF(Data!BR7="x","✓","") | J70: =IF(Data!BR8="x","✓","") | K70: =IF(Data!BR9="x","✓","") | L70: =IF(Data!BR10="x","✓","") | M70: =IF(Data!BR11="x","✓","") | N70: =IF(Data!BR12="x","✓","") | O70: =IF(Data!BR13="x","✓","") | P70: =IF(Data!BR14="x","✓","") | Q70: =IF(Data!BR15="x","✓","") | R70: =IF(Data!BR16="x","✓","") | S70: =IF(Data!BR17="x","✓","") | T70: =IF(Data!BR18="x","✓","") | U70: =IF(Data!BR19="x","✓","") | V70: =IF(Data!BR20="x","✓","") | W70: =IF(Data!BR21="x","✓","") | X70: =IF(Data!BR22="x","✓","") | Y70: =IF(Data!BR23="x","✓","") | Z70: =IF(Data!BR24="x","✓","") | AA70: =IF(Data!BR25="x","✓","") | AB70: =IF(Data!BR26="x","✓","") | AC70: =IF(Data!BR27="x","✓","") | AD70: =IF(Data!BR28="x","✓","") | AE70: =IF(Data!BR29="x","✓","") -> ✓ | AF70: =IF(Data!BR30="x","✓","") | AG70: =IF(Data!BR31="x","✓","") | AH70: =IF(Data!BR32="x","✓","") | AI70: =IF(Data!BR33="x","✓","") | AJ70: =IF(Data!BR34="x","✓","") | AK70: =IF(Data!BR35="x","✓","") | AL70: =IF(Data!BR36="x","✓","") -> ✓ | AM70: =IF(Data!BR37="x","✓","") | AN70: =IF(Data!BR38="x","✓","") -> ✓ | AO70: =IF(Data!BR39="x","✓","") -> ✓ | AP70: =IF(Data!BR40="x","✓","") | AQ70: =IF(Data!BR41="x","✓","") | AR70: =IF(Data!BR42="x","✓","") -> ✓ | AS70: =IF(Data!BR43="x","✓","") | AT70: =IF(Data!BR44="x","✓","") | AU70: =IF(Data!BR45="x","✓","") | AV70: =IF(Data!BR46="x","✓","") | AW70: =IF(Data!BR47="x","✓","") | AX70: =IF(Data!BR48="x","✓","") | AY70: =IF(Data!BR49="x","✓","") | AZ70: =IF(Data!BR50="x","✓","") | BA70: =IF(Data!BR51="x","✓","") | BB70: =IF(Data!BR52="x","✓","") | BC70: =IF(Data!BR53="x","✓","") | BD70: =IF(Data!BR54="x","✓","") | BE70: =IF(Data!BR55="x","✓","") | BF70: =IF(Data!BR56="x","✓","") | BG70: =IF(Data!BR57="x","✓","") | BH70: =IF(Data!BR58="x","✓","") | BI70: =IF(Data!BR59="x","✓","") | BJ70: =IF(Data!BR60="x","✓","") | BK70: =IF(Data!BR61="x","✓","")
B71: Washington | C71: =COUNTIF(Data!BS2:BS61,"x") -> 14 | D71: =IF(Data!BS2="x","✓","") -> ✓ | E71: =IF(Data!BS3="x","✓","") -> ✓ | F71: =IF(Data!BS4="x","✓","") | G71: =IF(Data!BS5="x","✓","") | H71: =IF(Data!BS6="x","✓","") | I71: =IF(Data!BS7="x","✓","") | J71: =IF(Data!BS8="x","✓","") | K71: =IF(Data!BS9="x","✓","") | L71: =IF(Data!BS10="x","✓","") | M71: =IF(Data!BS11="x","✓","") | N71: =IF(Data!BS12="x","✓","") | O71: =IF(Data!BS13="x","✓","") | P71: =IF(Data!BS14="x","✓","") | Q71: =IF(Data!BS15="x","✓","") | R71: =IF(Data!BS16="x","✓","") -> ✓ | S71: =IF(Data!BS17="x","✓","") | T71: =IF(Data!BS18="x","✓","") | U71: =IF(Data!BS19="x","✓","") -> ✓ | V71: =IF(Data!BS20="x","✓","") | W71: =IF(Data!BS21="x","✓","") -> ✓ | X71: =IF(Data!BS22="x","✓","") | Y71: =IF(Data!BS23="x","✓","") | Z71: =IF(Data!BS24="x","✓","") -> ✓ | AA71: =IF(Data!BS25="x","✓","") -> ✓ | AB71: =IF(Data!BS26="x","✓","") -> ✓ | AC71: =IF(Data!BS27="x","✓","") | AD71: =IF(Data!BS28="x","✓","") -> ✓ | AE71: =IF(Data!BS29="x","✓","") | AF71: =IF(Data!BS30="x","✓","") | AG71: =IF(Data!BS31="x","✓","") -> ✓ | AH71: =IF(Data!BS32="x","✓","") | AI71: =IF(Data!BS33="x","✓","") | AJ71: =IF(Data!BS34="x","✓","") | AK71: =IF(Data!BS35="x","✓","") -> ✓ | AL71: =IF(Data!BS36="x","✓","") | AM71: =IF(Data!BS37="x","✓","") -> ✓ | AN71: =IF(Data!BS38="x","✓","") | AO71: =IF(Data!BS39="x","✓","") | AP71: =IF(Data!BS40="x","✓","") -> ✓ | AQ71: =IF(Data!BS41="x","✓","") | AR71: =IF(Data!BS42="x","✓","") -> ✓ | AS71: =IF(Data!BS43="x","✓","") | AT71: =IF(Data!BS44="x","✓","") | AU71: =IF(Data!BS45="x","✓","") | AV71: =IF(Data!BS46="x","✓","") | AW71: =IF(Data!BS47="x","✓","") | AX71: =IF(Data!BS48="x","✓","") | AY71: =IF(Data!BS49="x","✓","") | AZ71: =IF(Data!BS50="x","✓","") | BA71: =IF(Data!BS51="x","✓","") | BB71: =IF(Data!BS52="x","✓","") | BC71: =IF(Data!BS53="x","✓","") | BD71: =IF(Data!BS54="x","✓","") | BE71: =IF(Data!BS55="x","✓","") | BF71: =IF(Data!BS56="x","✓","") | BG71: =IF(Data!BS57="x","✓","") | BH71: =IF(Data!BS58="x","✓","") | BI71: =IF(Data!BS59="x","✓","") | BJ71: =IF(Data!BS60="x","✓","") | BK71: =IF(Data!BS61="x","✓","")
B72: Waukesha | C72: =COUNTIF(Data!BT2:BT61,"x") -> 7 | D72: =IF(Data!BT2="x","✓","") | E72: =IF(Data!BT3="x","✓","") | F72: =IF(Data!BT4="x","✓","") | G72: =IF(Data!BT5="x","✓","") | H72: =IF(Data!BT6="x","✓","") | I72: =IF(Data!BT7="x","✓","") | J72: =IF(Data!BT8="x","✓","") | K72: =IF(Data!BT9="x","✓","") | L72: =IF(Data!BT10="x","✓","") | M72: =IF(Data!BT11="x","✓","") | N72: =IF(Data!BT12="x","✓","") | O72: =IF(Data!BT13="x","✓","") | P72: =IF(Data!BT14="x","✓","") | Q72: =IF(Data!BT15="x","✓","") | R72: =IF(Data!BT16="x","✓","") -> ✓ | S72: =IF(Data!BT17="x","✓","") | T72: =IF(Data!BT18="x","✓","") | U72: =IF(Data!BT19="x","✓","") | V72: =IF(Data!BT20="x","✓","") | W72: =IF(Data!BT21="x","✓","") | X72: =IF(Data!BT22="x","✓","") | Y72: =IF(Data!BT23="x","✓","") | Z72: =IF(Data!BT24="x","✓","") | AA72: =IF(Data!BT25="x","✓","") | AB72: =IF(Data!BT26="x","✓","") | AC72: =IF(Data!BT27="x","✓","") | AD72: =IF(Data!BT28="x","✓","") -> ✓ | AE72: =IF(Data!BT29="x","✓","") | AF72: =IF(Data!BT30="x","✓","") | AG72: =IF(Data!BT31="x","✓","") -> ✓ | AH72: =IF(Data!BT32="x","✓","") | AI72: =IF(Data!BT33="x","✓","") | AJ72: =IF(Data!BT34="x","✓","") | AK72: =IF(Data!BT35="x","✓","") -> ✓ | AL72: =IF(Data!BT36="x","✓","") | AM72: =IF(Data!BT37="x","✓","") -> ✓ | AN72: =IF(Data!BT38="x","✓","") | AO72: =IF(Data!BT39="x","✓","") | AP72: =IF(Data!BT40="x","✓","") -> ✓ | AQ72: =IF(Data!BT41="x","✓","") | AR72: =IF(Data!BT42="x","✓","") -> ✓ | AS72: =IF(Data!BT43="x","✓","") | AT72: =IF(Data!BT44="x","✓","") | AU72: =IF(Data!BT45="x","✓","") | AV72: =IF(Data!BT46="x","✓","") | AW72: =IF(Data!BT47="x","✓","") | AX72: =IF(Data!BT48="x","✓","") | AY72: =IF(Data!BT49="x","✓","") | AZ72: =IF(Data!BT50="x","✓","") | BA72: =IF(Data!BT51="x","✓","") | BB72: =IF(Data!BT52="x","✓","") | BC72: =IF(Data!BT53="x","✓","") | BD72: =IF(Data!BT54="x","✓","") | BE72: =IF(Data!BT55="x","✓","") | BF72: =IF(Data!BT56="x","✓","") | BG72: =IF(Data!BT57="x","✓","") | BH72: =IF(Data!BT58="x","✓","") | BI72: =IF(Data!BT59="x","✓","") | BJ72: =IF(Data!BT60="x","✓","") | BK72: =IF(Data!BT61="x","✓","")
B73: Waupaca | C73: =COUNTIF(Data!BU2:BU61,"x") -> 5 | D73: =IF(Data!BU2="x","✓","") | E73: =IF(Data!BU3="x","✓","") | F73: =IF(Data!BU4="x","✓","") | G73: =IF(Data!BU5="x","✓","") | H73: =IF(Data!BU6="x","✓","") | I73: =IF(Data!BU7="x","✓","") | J73: =IF(Data!BU8="x","✓","") | K73: =IF(Data!BU9="x","✓","") | L73: =IF(Data!BU10="x","✓","") | M73: =IF(Data!BU11="x","✓","") | N73: =IF(Data!BU12="x","✓","") | O73: =IF(Data!BU13="x","✓","") | P73: =IF(Data!BU14="x","✓","") | Q73: =IF(Data!BU15="x","✓","") -> ✓ | R73: =IF(Data!BU16="x","✓","") | S73: =IF(Data!BU17="x","✓","") | T73: =IF(Data!BU18="x","✓","") | U73: =IF(Data!BU19="x","✓","") | V73: =IF(Data!BU20="x","✓","") | W73: =IF(Data!BU21="x","✓","") | X73: =IF(Data!BU22="x","✓","") | Y73: =IF(Data!BU23="x","✓","") | Z73: =IF(Data!BU24="x","✓","") | AA73: =IF(Data!BU25="x","✓","") | AB73: =IF(Data!BU26="x","✓","") | AC73: =IF(Data!BU27="x","✓","") | AD73: =IF(Data!BU28="x","✓","") | AE73: =IF(Data!BU29="x","✓","") | AF73: =IF(Data!BU30="x","✓","") -> ✓ | AG73: =IF(Data!BU31="x","✓","") | AH73: =IF(Data!BU32="x","✓","") -> ✓ | AI73: =IF(Data!BU33="x","✓","") | AJ73: =IF(Data!BU34="x","✓","") | AK73: =IF(Data!BU35="x","✓","") -> ✓ | AL73: =IF(Data!BU36="x","✓","") | AM73: =IF(Data!BU37="x","✓","") | AN73: =IF(Data!BU38="x","✓","") | AO73: =IF(Data!BU39="x","✓","") | AP73: =IF(Data!BU40="x","✓","") | AQ73: =IF(Data!BU41="x","✓","") | AR73: =IF(Data!BU42="x","✓","") -> ✓ | AS73: =IF(Data!BU43="x","✓","") | AT73: =IF(Data!BU44="x","✓","") | AU73: =IF(Data!BU45="x","✓","") | AV73: =IF(Data!BU46="x","✓","") | AW73: =IF(Data!BU47="x","✓","") | AX73: =IF(Data!BU48="x","✓","") | AY73: =IF(Data!BU49="x","✓","") | AZ73: =IF(Data!BU50="x","✓","") | BA73: =IF(Data!BU51="x","✓","") | BB73: =IF(Data!BU52="x","✓","") | BC73: =IF(Data!BU53="x","✓","") | BD73: =IF(Data!BU54="x","✓","") | BE73: =IF(Data!BU55="x","✓","") | BF73: =IF(Data!BU56="x","✓","") | BG73: =IF(Data!BU57="x","✓","") | BH73: =IF(Data!BU58="x","✓","") | BI73: =IF(Data!BU59="x","✓","") | BJ73: =IF(Data!BU60="x","✓","") | BK73: =IF(Data!BU61="x","✓","")
B74: Waushara | C74: =COUNTIF(Data!BV2:BV61,"x") -> 6 | D74: =IF(Data!BV2="x","✓","") | E74: =IF(Data!BV3="x","✓","") | F74: =IF(Data!BV4="x","✓","") | G74: =IF(Data!BV5="x","✓","") | H74: =IF(Data!BV6="x","✓","") | I74: =IF(Data!BV7="x","✓","") | J74: =IF(Data!BV8="x","✓","") | K74: =IF(Data!BV9="x","✓","") | L74: =IF(Data!BV10="x","✓","") | M74: =IF(Data!BV11="x","✓","") | N74: =IF(Data!BV12="x","✓","") | O74: =IF(Data!BV13="x","✓","") | P74: =IF(Data!BV14="x","✓","") | Q74: =IF(Data!BV15="x","✓","") -> ✓ | R74: =IF(Data!BV16="x","✓","") | S74: =IF(Data!BV17="x","✓","") | T74: =IF(Data!BV18="x","✓","") | U74: =IF(Data!BV19="x","✓","") | V74: =IF(Data!BV20="x","✓","") | W74: =IF(Data!BV21="x","✓","") | X74: =IF(Data!BV22="x","✓","") | Y74: =IF(Data!BV23="x","✓","") | Z74: =IF(Data!BV24="x","✓","") | AA74: =IF(Data!BV25="x","✓","") | AB74: =IF(Data!BV26="x","✓","") | AC74: =IF(Data!BV27="x","✓","") | AD74: =IF(Data!BV28="x","✓","") | AE74: =IF(Data!BV29="x","✓","") | AF74: =IF(Data!BV30="x","✓","") -> ✓ | AG74: =IF(Data!BV31="x","✓","") | AH74: =IF(Data!BV32="x","✓","") -> ✓ | AI74: =IF(Data!BV33="x","✓","") | AJ74: =IF(Data!BV34="x","✓","") | AK74: =IF(Data!BV35="x","✓","") -> ✓ | AL74: =IF(Data!BV36="x","✓","") -> ✓ | AM74: =IF(Data!BV37="x","✓","") | AN74: =IF(Data!BV38="x","✓","") | AO74: =IF(Data!BV39="x","✓","") | AP74: =IF(Data!BV40="x","✓","") | AQ74: =IF(Data!BV41="x","✓","") | AR74: =IF(Data!BV42="x","✓","") -> ✓ | AS74: =IF(Data!BV43="x","✓","") | AT74: =IF(Data!BV44="x","✓","") | AU74: =IF(Data!BV45="x","✓","") | AV74: =IF(Data!BV46="x","✓","") | AW74: =IF(Data!BV47="x","✓","") | AX74: =IF(Data!BV48="x","✓","") | AY74: =IF(Data!BV49="x","✓","") | AZ74: =IF(Data!BV50="x","✓","") | BA74: =IF(Data!BV51="x","✓","") | BB74: =IF(Data!BV52="x","✓","") | BC74: =IF(Data!BV53="x","✓","") | BD74: =IF(Data!BV54="x","✓","") | BE74: =IF(Data!BV55="x","✓","") | BF74: =IF(Data!BV56="x","✓","") | BG74: =IF(Data!BV57="x","✓","") | BH74: =IF(Data!BV58="x","✓","") | BI74: =IF(Data!BV59="x","✓","") | BJ74: =IF(Data!BV60="x","✓","") | BK74: =IF(Data!BV61="x","✓","")
B75: Winnebago | C75: =COUNTIF(Data!BW2:BW61,"x") -> 6 | D75: =IF(Data!BW2="x","✓","") | E75: =IF(Data!BW3="x","✓","") | F75: =IF(Data!BW4="x","✓","") | G75: =IF(Data!BW5="x","✓","") | H75: =IF(Data!BW6="x","✓","") | I75: =IF(Data!BW7="x","✓","") | J75: =IF(Data!BW8="x","✓","") | K75: =IF(Data!BW9="x","✓","") | L75: =IF(Data!BW10="x","✓","") | M75: =IF(Data!BW11="x","✓","") | N75: =IF(Data!BW12="x","✓","") | O75: =IF(Data!BW13="x","✓","") | P75: =IF(Data!BW14="x","✓","") -> ✓ | Q75: =IF(Data!BW15="x","✓","") -> ✓ | R75: =IF(Data!BW16="x","✓","") | S75: =IF(Data!BW17="x","✓","") | T75: =IF(Data!BW18="x","✓","") | U75: =IF(Data!BW19="x","✓","") | V75: =IF(Data!BW20="x","✓","") | W75: =IF(Data!BW21="x","✓","") | X75: =IF(Data!BW22="x","✓","") | Y75: =IF(Data!BW23="x","✓","") | Z75: =IF(Data!BW24="x","✓","") | AA75: =IF(Data!BW25="x","✓","") | AB75: =IF(Data!BW26="x","✓","") | AC75: =IF(Data!BW27="x","✓","") | AD75: =IF(Data!BW28="x","✓","") | AE75: =IF(Data!BW29="x","✓","") | AF75: =IF(Data!BW30="x","✓","") -> ✓ | AG75: =IF(Data!BW31="x","✓","") | AH75: =IF(Data!BW32="x","✓","") -> ✓ | AI75: =IF(Data!BW33="x","✓","") | AJ75: =IF(Data!BW34="x","✓","") | AK75: =IF(Data!BW35="x","✓","") -> ✓ | AL75: =IF(Data!BW36="x","✓","") | AM75: =IF(Data!BW37="x","✓","") | AN75: =IF(Data!BW38="x","✓","") | AO75: =IF(Data!BW39="x","✓","") | AP75: =IF(Data!BW40="x","✓","") | AQ75: =IF(Data!BW41="x","✓","") | AR75: =IF(Data!BW42="x","✓","") -> ✓ | AS75: =IF(Data!BW43="x","✓","") | AT75: =IF(Data!BW44="x","✓","") | AU75: =IF(Data!BW45="x","✓","") | AV75: =IF(Data!BW46="x","✓","") | AW75: =IF(Data!BW47="x","✓","") | AX75: =IF(Data!BW48="x","✓","") | AY75: =IF(Data!BW49="x","✓","") | AZ75: =IF(Data!BW50="x","✓","") | BA75: =IF(Data!BW51="x","✓","") | BB75: =IF(Data!BW52="x","✓","") | BC75: =IF(Data!BW53="x","✓","") | BD75: =IF(Data!BW54="x","✓","") | BE75: =IF(Data!BW55="x","✓","") | BF75: =IF(Data!BW56="x","✓","") | BG75: =IF(Data!BW57="x","✓","") | BH75: =IF(Data!BW58="x","✓","") | BI75: =IF(Data!BW59="x","✓","") | BJ75: =IF(Data!BW60="x","✓","") | BK75: =IF(Data!BW61="x","✓","")
B76: Wood | C76: =COUNTIF(Data!BX2:BX61,"x") -> 6 | D76: =IF(Data!BX2="x","✓","") | E76: =IF(Data!BX3="x","✓","") | F76: =IF(Data!BX4="x","✓","") | G76: =IF(Data!BX5="x","✓","") | H76: =IF(Data!BX6="x","✓","") | I76: =IF(Data!BX7="x","✓","") | J76: =IF(Data!BX8="x","✓","") | K76: =IF(Data!BX9="x","✓","") | L76: =IF(Data!BX10="x","✓","") | M76: =IF(Data!BX11="x","✓","") | N76: =IF(Data!BX12="x","✓","") | O76: =IF(Data!BX13="x","✓","") | P76: =IF(Data!BX14="x","✓","") | Q76: =IF(Data!BX15="x","✓","") -> ✓ | R76: =IF(Data!BX16="x","✓","") | S76: =IF(Data!BX17="x","✓","") | T76: =IF(Data!BX18="x","✓","") | U76: =IF(Data!BX19="x","✓","") -> ✓ | V76: =IF(Data!BX20="x","✓","") | W76: =IF(Data!BX21="x","✓","") | X76: =IF(Data!BX22="x","✓","") | Y76: =IF(Data!BX23="x","✓","") | Z76: =IF(Data!BX24="x","✓","") | AA76: =IF(Data!BX25="x","✓","") | AB76: =IF(Data!BX26="x","✓","") | AC76: =IF(Data!BX27="x","✓","") | AD76: =IF(Data!BX28="x","✓","") | AE76: =IF(Data!BX29="x","✓","") | AF76: =IF(Data!BX30="x","✓","") -> ✓ | AG76: =IF(Data!BX31="x","✓","") | AH76: =IF(Data!BX32="x","✓","") | AI76: =IF(Data!BX33="x","✓","") -> ✓ | AJ76: =IF(Data!BX34="x","✓","") | AK76: =IF(Data!BX35="x","✓","") | AL76: =IF(Data!BX36="x","✓","") -> ✓ | AM76: =IF(Data!BX37="x","✓","") | AN76: =IF(Data!BX38="x","✓","") | AO76: =IF(Data!BX39="x","✓","") | AP76: =IF(Data!BX40="x","✓","") | AQ76: =IF(Data!BX41="x","✓","") | AR76: =IF(Data!BX42="x","✓","") -> ✓ | AS76: =IF(Data!BX43="x","✓","") | AT76: =IF(Data!BX44="x","✓","") | AU76: =IF(Data!BX45="x","✓","") | AV76: =IF(Data!BX46="x","✓","") | AW76: =IF(Data!BX47="x","✓","") | AX76: =IF(Data!BX48="x","✓","") | AY76: =IF(Data!BX49="x","✓","") | AZ76: =IF(Data!BX50="x","✓","") | BA76: =IF(Data!BX51="x","✓","") | BB76: =IF(Data!BX52="x","✓","") | BC76: =IF(Data!BX53="x","✓","") | BD76: =IF(Data!BX54="x","✓","") | BE76: =IF(Data!BX55="x","✓","") | BF76: =IF(Data!BX56="x","✓","") | BG76: =IF(Data!BX57="x","✓","") | BH76: =IF(Data!BX58="x","✓","") | BI76: =IF(Data!BX59="x","✓","") | BJ76: =IF(Data!BX60="x","✓","") | BK76: =IF(Data!BX61="x","✓","")

Sheet Overlap Contacts
B2: County Overlap Contacts | Auto-updates as new members are added in DATA tab
B4: County | C4: # Overlapping | D4: Contact 1 – Judicatory | E4: Contact 1 – Leader | F4: Contact 2 – Judicatory | G4: Contact 2 – Leader | H4: Contact 3 – Judicatory | I4: Contact 3 – Leader
B5: Adams | C5: =COUNTIF(Data!E2:E61,"x") -> 6 | D5: =IF(Data!A17="","—",Data!A17) -> ELCA LaCrosse Area Synod | E5: =IF(Data!B17="","—",Data!B17) -> Bishop Felix Malpica | F5: =IF(Data!A33="","—",Data!A33) -> Roman Catholic Diocese of LaCrosse | G5: =IF(Data!B33="","—",Data!B33) -> Bishop Battersby | H5: =IF(Data!A27="","—",Data!A27) -> PC(USA), John Knox Presbytery | I5: =IF(Data!B27="","—",Data!B27) -> Rev. Devon Reynolds
B6: Ashland | C6: =COUNTIF(Data!F2:F61,"x") -> 6 | D6: =IF(Data!A19="","—",Data!A19) -> ELCA Northwest Synod | E6: =IF(Data!B19="","—",Data!B19) -> Bishop Martin Halom | F6: =IF(Data!A29="","—",Data!A29) -> PC(USA), Northern Waters Presbytery | G6: =IF(Data!B29="","—",Data!B29) -> Rev. Richard Blood | H6: =IF(Data!A38="","—",Data!A38) -> UMC - WI, North East District | I6: =IF(Data!B38="","—",Data!B38) -> Rev. M. Park Hunter
B7: Barron | C7: =COUNTIF(Data!G2:G61,"x") -> 6 | D7: =IF(Data!A19="","—",Data!A19) -> ELCA Northwest Synod | E7: =IF(Data!B19="","—",Data!B19) -> Bishop Martin Halom | F7: =IF(Data!A29="","—",Data!A29) -> PC(USA), Northern Waters Presbytery | G7: =IF(Data!B29="","—",Data!B29) -> Rev. Richard Blood | H7: =IF(Data!A38="","—",Data!A38) -> UMC - WI, North East District | I7: =IF(Data!B38="","—",Data!B38) -> Rev. M. Park Hunter
B8: Bayfield | C8: =COUNTIF(Data!H2:H61,"x") -> 6 | D8: =IF(Data!A19="","—",Data!A19) -> ELCA Northwest Synod | E8: =IF(Data!B19="","—",Data!B19) -> Bishop Martin Halom | F8: =IF(Data!A29="","—",Data!A29) -> PC(USA), Northern Waters Presbytery | G8: =IF(Data!B29="","—",Data!B29) -> Rev. Richard Blood | H8: =IF(Data!A38="","—",Data!A38) -> UMC - WI, North East District | I8: =IF(Data!B38="","—",Data!B38) -> Rev. M. Park Hunter
B9: Brown | C9: =COUNTIF(Data!I2:I61,"x") -> 5 | D9: =IF(Data!A15="","—",Data!A15) -> ELCA East-Central Synod | E9: =IF(Data!B15="","—",Data!B15) -> Bishop Anne Edison Albright | F9: =IF(Data!A32="","—",Data!A32) -> Roman Catholic Diocese of Green Bay | G9: =IF(Data!B32="","—",Data!B32) -> Bishop Ricken | H9: =IF(Data!A30="","—",Data!A30) -> PC(USA), Winnebago Presbytery | I9: =IF(Data!B30="","—",Data!B30) -> Rev. Dave Colby
B10: Buffalo | C10: =COUNTIF(Data!J2:J61,"x") -> 8 | D10: =IF(Data!A17="","—",Data!A17) -> ELCA LaCrosse Area Synod | E10: =IF(Data!B17="","—",Data!B17) -> Bishop Felix Malpica | F10: =IF(Data!A19="","—",Data!A19) -> ELCA Northwest Synod | G10: =IF(Data!B19="","—",Data!B19) -> Bishop Martin Halom | H10: =IF(Data!A33="","—",Data!A33) -> Roman Catholic Diocese of LaCrosse | I10: =IF(Data!B33="","—",Data!B33) -> Bishop Battersby
B11: Burnett | C11: =COUNTIF(Data!K2:K61,"x") -> 6 | D11: =IF(Data!A19="","—",Data!A19) -> ELCA Northwest Synod | E11: =IF(Data!B19="","—",Data!B19) -> Bishop Martin Halom | F11: =IF(Data!A29="","—",Data!A29) -> PC(USA), Northern Waters Presbytery | G11: =IF(Data!B29="","—",Data!B29) -> Rev. Richard Blood | H11: =IF(Data!A38="","—",Data!A38) -> UMC - WI, North East District | I11: =IF(Data!B38="","—",Data!B38) -> Rev. M. Park Hunter
B12: Calumet | C12: =COUNTIF(Data!L2:L61,"x") -> 5 | D12: =IF(Data!A15="","—",Data!A15) -> ELCA East-Central Synod | E12: =IF(Data!B15="","—",Data!B15) -> Bishop Anne Edison Albright | F12: =IF(Data!A32="","—",Data!A32) -> Roman Catholic Diocese of Green Bay | G12: =IF(Data!B32="","—",Data!B32) -> Bishop Ricken | H12: =IF(Data!A30="","—",Data!A30) -> PC(USA), Winnebago Presbytery | I12: =IF(Data!B30="","—",Data!B30) -> Rev. Dave Colby
B13: Chippewa | C13: =COUNTIF(Data!M2:M61,"x") -> 7 | D13: =IF(Data!A19="","—",Data!A19) -> ELCA Northwest Synod | E13: =IF(Data!B19="","—",Data!B19) -> Bishop Martin Halom | F13: =IF(Data!A33="","—",Data!A33) -> Roman Catholic Diocese of LaCrosse | G13: =IF(Data!B33="","—",Data!B33) -> Bishop Battersby | H13: =IF(Data!A29="","—",Data!A29) -> PC(USA), Northern Waters Presbytery | I13: =IF(Data!B29="","—",Data!B29) -> Rev. Richard Blood
B14: Clark | C14: =COUNTIF(Data!N2:N61,"x") -> 7 | D14: =IF(Data!A19="","—",Data!A19) -> ELCA Northwest Synod | E14: =IF(Data!B19="","—",Data!B19) -> Bishop Martin Halom | F14: =IF(Data!A33="","—",Data!A33) -> Roman Catholic Diocese of LaCrosse | G14: =IF(Data!B33="","—",Data!B33) -> Bishop Battersby | H14: =IF(Data!A29="","—",Data!A29) -> PC(USA), Northern Waters Presbytery | I14: =IF(Data!B29="","—",Data!B29) -> Rev. Richard Blood
B15: Columbia | C15: =COUNTIF(Data!O2:O61,"x") -> 10 | D15: =IF(Data!A20="","—",Data!A20) -> ELCA South-Central Synod | E15: =IF(Data!B20="","—",Data!B20) -> Bishop Joy Mortensen-Weibe | F15: =IF(Data!A2="","—",Data!A2) -> African Methodist Episcopal Church, 4th District | G15: =IF(Data!B2="","—",Data!B2) -> Presiding Elder James Miller | H15: =IF(Data!A3="","—",Data!A3) -> American Baptist Churches of Wisconsin | I15: =IF(Data!B3="","—",Data!B3) -> Rev. Mindi Welton-Mitchell
B16: Crawford | C16: =COUNTIF(Data!P2:P61,"x") -> 12 | D16: =IF(Data!A17="","—",Data!A17) -> ELCA LaCrosse Area Synod | E16: =IF(Data!B17="","—",Data!B17) -> Bishop Felix Malpica | F16: =IF(Data!A33="","—",Data!A33) -> Roman Catholic Diocese of LaCrosse | G16: =IF(Data!B33="","—",Data!B33) -> Bishop Battersby | H16: =IF(Data!A2="","—",Data!A2) -> African Methodist Episcopal Church, 4th District | I16: =IF(Data!B2="","—",Data!B2) -> Presiding Elder James Miller
B17: Dane | C17: =COUNTIF(Data!Q2:Q61,"x") -> 16 | D17: =IF(Data!A9="","—",Data!A9) -> COGIC, Wisconsin First Jurisdiction | E17: =IF(Data!B9="","—",Data!B9) -> Bishop Darrell Hines, Sr. | F17: =IF(Data!A20="","—",Data!A20) -> ELCA South-Central Synod | G17: =IF(Data!B20="","—",Data!B20) -> Bishop Joy Mortensen-Weibe | H17: =IF(Data!A2="","—",Data!A2) -> African Methodist Episcopal Church, 4th District | I17: =IF(Data!B2="","—",Data!B2) -> Presiding Elder James Miller
B18: Dodge | C18: =COUNTIF(Data!R2:R61,"x") -> 12 | D18: =IF(Data!A20="","—",Data!A20) -> ELCA South-Central Synod | E18: =IF(Data!B20="","—",Data!B20) -> Bishop Joy Mortensen-Weibe | F18: =IF(Data!A31="","—",Data!A31) -> Roman Catholic Archdiocese of Milwaukee | G18: =IF(Data!B31="","—",Data!B31) -> Archbishop Grob | H18: =IF(Data!A2="","—",Data!A2) -> African Methodist Episcopal Church, 4th District | I18: =IF(Data!B2="","—",Data!B2) -> Presiding Elder James Miller
B19: Door | C19: =COUNTIF(Data!S2:S61,"x") -> 5 | D19: =IF(Data!A15="","—",Data!A15) -> ELCA East-Central Synod | E19: =IF(Data!B15="","—",Data!B15) -> Bishop Anne Edison Albright | F19: =IF(Data!A32="","—",Data!A32) -> Roman Catholic Diocese of Green Bay | G19: =IF(Data!B32="","—",Data!B32) -> Bishop Ricken | H19: =IF(Data!A30="","—",Data!A30) -> PC(USA), Winnebago Presbytery | I19: =IF(Data!B30="","—",Data!B30) -> Rev. Dave Colby
B20: Douglas | C20: =COUNTIF(Data!T2:T61,"x") -> 6 | D20: =IF(Data!A19="","—",Data!A19) -> ELCA Northwest Synod | E20: =IF(Data!B19="","—",Data!B19) -> Bishop Martin Halom | F20: =IF(Data!A29="","—",Data!A29) -> PC(USA), Northern Waters Presbytery | G20: =IF(Data!B29="","—",Data!B29) -> Rev. Richard Blood | H20: =IF(Data!A38="","—",Data!A38) -> UMC - WI, North East District | I20: =IF(Data!B38="","—",Data!B38) -> Rev. M. Park Hunter
B21: Dunn | C21: =COUNTIF(Data!U2:U61,"x") -> 7 | D21: =IF(Data!A19="","—",Data!A19) -> ELCA Northwest Synod | E21: =IF(Data!B19="","—",Data!B19) -> Bishop Martin Halom | F21: =IF(Data!A33="","—",Data!A33) -> Roman Catholic Diocese of LaCrosse | G21: =IF(Data!B33="","—",Data!B33) -> Bishop Battersby | H21: =IF(Data!A29="","—",Data!A29) -> PC(USA), Northern Waters Presbytery | I21: =IF(Data!B29="","—",Data!B29) -> Rev. Richard Blood
B22: Eau Claire | C22: =COUNTIF(Data!V2:V61,"x") -> 6 | D22: =IF(Data!A33="","—",Data!A33) -> Roman Catholic Diocese of LaCrosse | E22: =IF(Data!B33="","—",Data!B33) -> Bishop Battersby | F22: =IF(Data!A29="","—",Data!A29) -> PC(USA), Northern Waters Presbytery | G22: =IF(Data!B29="","—",Data!B29) -> Rev. Richard Blood | H22: =IF(Data!A38="","—",Data!A38) -> UMC - WI, North East District | I22: =IF(Data!B38="","—",Data!B38) -> Rev. M. Park Hunter
B23: Florence | C23: =COUNTIF(Data!W2:W61,"x") -> 4 | D23: =IF(Data!A32="","—",Data!A32) -> Roman Catholic Diocese of Green Bay | E23: =IF(Data!B32="","—",Data!B32) -> Bishop Ricken | F23: =IF(Data!A30="","—",Data!A30) -> PC(USA), Winnebago Presbytery | G23: =IF(Data!B30="","—",Data!B30) -> Rev. Dave Colby | H23: =IF(Data!A36="","—",Data!A36) -> UCC-WI, Northern Region | I23: =IF(Data!B36="","—",Data!B36) -> vacant
B24: Fond du Lac | C24: =COUNTIF(Data!X2:X61,"x") -> 6 | D24: =IF(Data!A15="","—",Data!A15) -> ELCA East-Central Synod | E24: =IF(Data!B15="","—",Data!B15) -> Bishop Anne Edison Albright | F24: =IF(Data!A31="","—",Data!A31) -> Roman Catholic Archdiocese of Milwaukee | G24: =IF(Data!B31="","—",Data!B31) -> Archbishop Grob | H24: =IF(Data!A30="","—",Data!A30) -> PC(USA), Winnebago Presbytery | I24: =IF(Data!B30="","—",Data!B30) -> Rev. Dave Colby
B25: Forest | C25: =COUNTIF(Data!Y2:Y61,"x") -> 4 | D25: =IF(Data!A32="","—",Data!A32) -> Roman Catholic Diocese of Green Bay | E25: =IF(Data!B32="","—",Data!B32) -> Bishop Ricken | F25: =IF(Data!A30="","—",Data!A30) -> PC(USA), Winnebago Presbytery | G25: =IF(Data!B30="","—",Data!B30) -> Rev. Dave Colby | H25: =IF(Data!A36="","—",Data!A36) -> UCC-WI, Northern Region | I25: =IF(Data!B36="","—",Data!B36) -> vacant
B26: Grant | C26: =COUNTIF(Data!Z2:Z61,"x") -> 11 | D26: =IF(Data!A20="","—",Data!A20) -> ELCA South-Central Synod | E26: =IF(Data!B20="","—",Data!B20) -> Bishop Joy Mortensen-Weibe | F26: =IF(Data!A2="","—",Data!A2) -> African Methodist Episcopal Church, 4th District | G26: =IF(Data!B2="","—",Data!B2) -> Presiding Elder James Miller | H26: =IF(Data!A3="","—",Data!A3) -> American Baptist Churches of Wisconsin | I26: =IF(Data!B3="","—",Data!B3) -> Rev. Mindi Welton-Mitchell
B27: Green | C27: =COUNTIF(Data!AA2:AA61,"x") -> 13 | D27: =IF(Data!A9="","—",Data!A9) -> COGIC, Wisconsin First Jurisdiction | E27: =IF(Data!B9="","—",Data!B9) -> Bishop Darrell Hines, Sr. | F27: =IF(Data!A20="","—",Data!A20) -> ELCA South-Central Synod | G27: =IF(Data!B20="","—",Data!B20) -> Bishop Joy Mortensen-Weibe | H27: =IF(Data!A2="","—",Data!A2) -> African Methodist Episcopal Church, 4th District | I27: =IF(Data!B2="","—",Data!B2) -> Presiding Elder James Miller
B28: Green Lake | C28: =COUNTIF(Data!AB2:AB61,"x") -> 5 | D28: =IF(Data!A15="","—",Data!A15) -> ELCA East-Central Synod | E28: =IF(Data!B15="","—",Data!B15) -> Bishop Anne Edison Albright | F28: =IF(Data!A30="","—",Data!A30) -> PC(USA), Winnebago Presbytery | G28: =IF(Data!B30="","—",Data!B30) -> Rev. Dave Colby | H28: =IF(Data!A35="","—",Data!A35) -> UCC-WI, Eastern Region | I28: =IF(Data!B35="","—",Data!B35) -> Rev. Jane Anderson
B29: Iowa | C29: =COUNTIF(Data!AC2:AC61,"x") -> 10 | D29: =IF(Data!A20="","—",Data!A20) -> ELCA South-Central Synod | E29: =IF(Data!B20="","—",Data!B20) -> Bishop Joy Mortensen-Weibe | F29: =IF(Data!A2="","—",Data!A2) -> African Methodist Episcopal Church, 4th District | G29: =IF(Data!B2="","—",Data!B2) -> Presiding Elder James Miller | H29: =IF(Data!A3="","—",Data!A3) -> American Baptist Churches of Wisconsin | I29: =IF(Data!B3="","—",Data!B3) -> Rev. Mindi Welton-Mitchell
B30: Iron | C30: =COUNTIF(Data!AD2:AD61,"x") -> 5 | D30: =IF(Data!A29="","—",Data!A29) -> PC(USA), Northern Waters Presbytery | E30: =IF(Data!B29="","—",Data!B29) -> Rev. Richard Blood | F30: =IF(Data!A38="","—",Data!A38) -> UMC - WI, North East District | G30: =IF(Data!B38="","—",Data!B38) -> Rev. M. Park Hunter | H30: =IF(Data!A36="","—",Data!A36) -> UCC-WI, Northern Region | I30: =IF(Data!B36="","—",Data!B36) -> vacant
B31: Jackson | C31: =COUNTIF(Data!AE2:AE61,"x") -> 7 | D31: =IF(Data!A19="","—",Data!A19) -> ELCA Northwest Synod | E31: =IF(Data!B19="","—",Data!B19) -> Bishop Martin Halom | F31: =IF(Data!A33="","—",Data!A33) -> Roman Catholic Diocese of LaCrosse | G31: =IF(Data!B33="","—",Data!B33) -> Bishop Battersby | H31: =IF(Data!A27="","—",Data!A27) -> PC(USA), John Knox Presbytery | I31: =IF(Data!B27="","—",Data!B27) -> Rev. Devon Reynolds
B32: Jefferson | C32: =COUNTIF(Data!AF2:AF61,"x") -> 11 | D32: =IF(Data!A20="","—",Data!A20) -> ELCA South-Central Synod | E32: =IF(Data!B20="","—",Data!B20) -> Bishop Joy Mortensen-Weibe | F32: =IF(Data!A2="","—",Data!A2) -> African Methodist Episcopal Church, 4th District | G32: =IF(Data!B2="","—",Data!B2) -> Presiding Elder James Miller | H32: =IF(Data!A3="","—",Data!A3) -> American Baptist Churches of Wisconsin | I32: =IF(Data!B3="","—",Data!B3) -> Rev. Mindi Welton-Mitchell
B33: Juneau | C33: =COUNTIF(Data!AG2:AG61,"x") -> 5 | D33: =IF(Data!A33="","—",Data!A33) -> Roman Catholic Diocese of LaCrosse | E33: =IF(Data!B33="","—",Data!B33) -> Bishop Battersby | F33: =IF(Data!A27="","—",Data!A27) -> PC(USA), John Knox Presbytery | G33: =IF(Data!B27="","—",Data!B27) -> Rev. Devon Reynolds | H33: =IF(Data!A37="","—",Data!A37) -> UCC-WI, Southern Region | I33: =IF(Data!B37="","—",Data!B37) -> Rev. Rachel Bauman
B34: Kenosha | C34: =COUNTIF(Data!AH2:AH61,"x") -> 12 | D34: =IF(Data!A17="","—",Data!A17) -> ELCA LaCrosse Area Synod | E34: =IF(Data!B17="","—",Data!B17) -> Bishop Felix Malpica | F34: =IF(Data!A31="","—",Data!A31) -> Roman Catholic Archdiocese of Milwaukee | G34: =IF(Data!B31="","—",Data!B31) -> Archbishop Grob | H34: =IF(Data!A2="","—",Data!A2) -> African Methodist Episcopal Church, 4th District | I34: =IF(Data!B2="","—",Data!B2) -> Presiding Elder James Miller
B35: Kewaunee | C35: =COUNTIF(Data!AI2:AI61,"x") -> 5 | D35: =IF(Data!A15="","—",Data!A15) -> ELCA East-Central Synod | E35: =IF(Data!B15="","—",Data!B15) -> Bishop Anne Edison Albright | F35: =IF(Data!A32="","—",Data!A32) -> Roman Catholic Diocese of Green Bay | G35: =IF(Data!B32="","—",Data!B32) -> Bishop Ricken | H35: =IF(Data!A30="","—",Data!A30) -> PC(USA), Winnebago Presbytery | I35: =IF(Data!B30="","—",Data!B30) -> Rev. Dave Colby
B36: La Crosse | C36: =COUNTIF(Data!AJ2:AJ61,"x") -> 7 | D36: =IF(Data!A17="","—",Data!A17) -> ELCA LaCrosse Area Synod | E36: =IF(Data!B17="","—",Data!B17) -> Bishop Felix Malpica | F36: =IF(Data!A33="","—",Data!A33) -> Roman Catholic Diocese of LaCrosse | G36: =IF(Data!B33="","—",Data!B33) -> Bishop Battersby | H36: =IF(Data!A27="","—",Data!A27) -> PC(USA), John Knox Presbytery | I36: =IF(Data!B27="","—",Data!B27) -> Rev. Devon Reynolds
B37: Lafayette | C37: =COUNTIF(Data!AK2:AK61,"x") -> 10 | D37: =IF(Data!A20="","—",Data!A20) -> ELCA South-Central Synod | E37: =IF(Data!B20="","—",Data!B20) -> Bishop Joy Mortensen-Weibe | F37: =IF(Data!A2="","—",Data!A2) -> African Methodist Episcopal Church, 4th District | G37: =IF(Data!B2="","—",Data!B2) -> Presiding Elder James Miller | H37: =IF(Data!A3="","—",Data!A3) -> American Baptist Churches of Wisconsin | I37: =IF(Data!B3="","—",Data!B3) -> Rev. Mindi Welton-Mitchell
B38: Langlade | C38: =COUNTIF(Data!AL2:AL61,"x") -> 5 | D38: =IF(Data!A15="","—",Data!A15) -> ELCA East-Central Synod | E38: =IF(Data!B15="","—",Data!B15) -> Bishop Anne Edison Albright | F38: =IF(Data!A32="","—",Data!A32) -> Roman Catholic Diocese of Green Bay | G38: =IF(Data!B32="","—",Data!B32) -> Bishop Ricken | H38: =IF(Data!A30="","—",Data!A30) -> PC(USA), Winnebago Presbytery | I38: =IF(Data!B30="","—",Data!B30) -> Rev. Dave Colby
B39: Lincoln | C39: =COUNTIF(Data!AM2:AM61,"x") -> 4 | D39: =IF(Data!A15="","—",Data!A15) -> ELCA East-Central Synod | E39: =IF(Data!B15="","—",Data!B15) -> Bishop Anne Edison Albright | F39: =IF(Data!A30="","—",Data!A30) -> PC(USA), Winnebago Presbytery | G39: =IF(Data!B30="","—",Data!B30) -> Rev. Dave Colby | H39: =IF(Data!A36="","—",Data!A36) -> UCC-WI, Northern Region | I39: =IF(Data!B36="","—",Data!B36) -> vacant
B40: Manitowoc | C40: =COUNTIF(Data!AN2:AN61,"x") -> 5 | D40: =IF(Data!A15="","—",Data!A15) -> ELCA East-Central Synod | E40: =IF(Data!B15="","—",Data!B15) -> Bishop Anne Edison Albright | F40: =IF(Data!A32="","—",Data!A32) -> Roman Catholic Diocese of Green Bay | G40: =IF(Data!B32="","—",Data!B32) -> Bishop Ricken | H40: =IF(Data!A30="","—",Data!A30) -> PC(USA), Winnebago Presbytery | I40: =IF(Data!B30="","—",Data!B30) -> Rev. Dave Colby
B41: Marathon | C41: =COUNTIF(Data!AO2:AO61,"x") -> 6 | D41: =IF(Data!A15="","—",Data!A15) -> ELCA East-Central Synod | E41: =IF(Data!B15="","—",Data!B15) -> Bishop Anne Edison Albright | F41: =IF(Data!A19="","—",Data!A19) -> ELCA Northwest Synod | G41: =IF(Data!B19="","—",Data!B19) -> Bishop Martin Halom | H41: =IF(Data!A33="","—",Data!A33) -> Roman Catholic Diocese of LaCrosse | I41: =IF(Data!B33="","—",Data!B33) -> Bishop Battersby
B42: Marinette | C42: =COUNTIF(Data!AP2:AP61,"x") -> 4 | D42: =IF(Data!A32="","—",Data!A32) -> Roman Catholic Diocese of Green Bay | E42: =IF(Data!B32="","—",Data!B32) -> Bishop Ricken | F42: =IF(Data!A30="","—",Data!A30) -> PC(USA), Winnebago Presbytery | G42: =IF(Data!B30="","—",Data!B30) -> Rev. Dave Colby | H42: =IF(Data!A35="","—",Data!A35) -> UCC-WI, Eastern Region | I42: =IF(Data!B35="","—",Data!B35) -> Rev. Jane Anderson
B43: Marquette | C43: =COUNTIF(Data!AQ2:AQ61,"x") -> 5 | D43: =IF(Data!A15="","—",Data!A15) -> ELCA East-Central Synod | E43: =IF(Data!B15="","—",Data!B15) -> Bishop Anne Edison Albright | F43: =IF(Data!A27="","—",Data!A27) -> PC(USA), John Knox Presbytery | G43: =IF(Data!B27="","—",Data!B27) -> Rev. Devon Reynolds | H43: =IF(Data!A37="","—",Data!A37) -> UCC-WI, Southern Region | I43: =IF(Data!B37="","—",Data!B37) -> Rev. Rachel Bauman
B44: Menominee | C44: =COUNTIF(Data!AR2:AR61,"x") -> 5 | D44: =IF(Data!A15="","—",Data!A15) -> ELCA East-Central Synod | E44: =IF(Data!B15="","—",Data!B15) -> Bishop Anne Edison Albright | F44: =IF(Data!A32="","—",Data!A32) -> Roman Catholic Diocese of Green Bay | G44: =IF(Data!B32="","—",Data!B32) -> Bishop Ricken | H44: =IF(Data!A30="","—",Data!A30) -> PC(USA), Winnebago Presbytery | I44: =IF(Data!B30="","—",Data!B30) -> Rev. Dave Colby
B45: Milwaukee | C45: =COUNTIF(Data!AS2:AS61,"x") -> 20 | D45: =IF(Data!A9="","—",Data!A9) -> COGIC, Wisconsin First Jurisdiction | E45: =IF(Data!B9="","—",Data!B9) -> Bishop Darrell Hines, Sr. | F45: =IF(Data!A10="","—",Data!A10) -> COGIC, Wisconsin Northwest Jurisdiction | G45: =IF(Data!B10="","—",Data!B10) -> Bishop CH McClelland | H45: =IF(Data!A16="","—",Data!A16) -> ELCA Greater Milwaukee Synod | I45: =IF(Data!B16="","—",Data!B16) -> Bishop Paul Erickson
B46: Monroe | C46: =COUNTIF(Data!AT2:AT61,"x") -> 5 | D46: =IF(Data!A33="","—",Data!A33) -> Roman Catholic Diocese of LaCrosse | E46: =IF(Data!B33="","—",Data!B33) -> Bishop Battersby | F46: =IF(Data!A27="","—",Data!A27) -> PC(USA), John Knox Presbytery | G46: =IF(Data!B27="","—",Data!B27) -> Rev. Devon Reynolds | H46: =IF(Data!A41="","—",Data!A41) -> UMC - WI, South West District | I46: =IF(Data!B41="","—",Data!B41) -> Rev. In Sun Lee
B47: Oconto | C47: =COUNTIF(Data!AU2:AU61,"x") -> 5 | D47: =IF(Data!A15="","—",Data!A15) -> ELCA East-Central Synod | E47: =IF(Data!B15="","—",Data!B15) -> Bishop Anne Edison Albright | F47: =IF(Data!A32="","—",Data!A32) -> Roman Catholic Diocese of Green Bay | G47: =IF(Data!B32="","—",Data!B32) -> Bishop Ricken | H47: =IF(Data!A30="","—",Data!A30) -> PC(USA), Winnebago Presbytery | I47: =IF(Data!B30="","—",Data!B30) -> Rev. Dave Colby
B48: Oneida | C48: =COUNTIF(Data!AV2:AV61,"x") -> 3 | D48: =IF(Data!A30="","—",Data!A30) -> PC(USA), Winnebago Presbytery | E48: =IF(Data!B30="","—",Data!B30) -> Rev. Dave Colby | F48: =IF(Data!A36="","—",Data!A36) -> UCC-WI, Northern Region | G48: =IF(Data!B36="","—",Data!B36) -> vacant | H48: — | I48: —
B49: Outagamie | C49: =COUNTIF(Data!AW2:AW61,"x") -> 5 | D49: =IF(Data!A32="","—",Data!A32) -> Roman Catholic Diocese of Green Bay | E49: =IF(Data!B32="","—",Data!B32) -> Bishop Ricken | F49: =IF(Data!A30="","—",Data!A30) -> PC(USA), Winnebago Presbytery | G49: =IF(Data!B30="","—",Data!B30) -> Rev. Dave Colby | H49: =IF(Data!A35="","—",Data!A35) -> UCC-WI, Eastern Region | I49: =IF(Data!B35="","—",Data!B35) -> Rev. Jane Anderson
B50: Ozaukee | C50: =COUNTIF(Data!AX2:AX61,"x") -> 11 | D50: =IF(Data!A16="","—",Data!A16) -> ELCA Greater Milwaukee Synod | E50: =IF(Data!B16="","—",Data!B16) -> Bishop Paul Erickson | F50: =IF(Data!A31="","—",Data!A31) -> Roman Catholic Archdiocese of Milwaukee | G50: =IF(Data!B31="","—",Data!B31) -> Archbishop Grob | H50: =IF(Data!A2="","—",Data!A2) -> African Methodist Episcopal Church, 4th District | I50: =IF(Data!B2="","—",Data!B2) -> Presiding Elder James Miller
B51: Pepin | C51: =COUNTIF(Data!AY2:AY61,"x") -> 8 | D51: =IF(Data!A19="","—",Data!A19) -> ELCA Northwest Synod | E51: =IF(Data!B19="","—",Data!B19) -> Bishop Martin Halom | F51: =IF(Data!A33="","—",Data!A33) -> Roman Catholic Diocese of LaCrosse | G51: =IF(Data!B33="","—",Data!B33) -> Bishop Battersby | H51: =IF(Data!A29="","—",Data!A29) -> PC(USA), Northern Waters Presbytery | I51: =IF(Data!B29="","—",Data!B29) -> Rev. Richard Blood
B52: Pierce | C52: =COUNTIF(Data!AZ2:AZ61,"x") -> 6 | D52: =IF(Data!A33="","—",Data!A33) -> Roman Catholic Diocese of LaCrosse | E52: =IF(Data!B33="","—",Data!B33) -> Bishop Battersby | F52: =IF(Data!A29="","—",Data!A29) -> PC(USA), Northern Waters Presbytery | G52: =IF(Data!B29="","—",Data!B29) -> Rev. Richard Blood | H52: =IF(Data!A38="","—",Data!A38) -> UMC - WI, North East District | I52: =IF(Data!B38="","—",Data!B38) -> Rev. M. Park Hunter
B53: Polk | C53: =COUNTIF(Data!BA2:BA61,"x") -> 5 | D53: =IF(Data!A29="","—",Data!A29) -> PC(USA), Northern Waters Presbytery | E53: =IF(Data!B29="","—",Data!B29) -> Rev. Richard Blood | F53: =IF(Data!A38="","—",Data!A38) -> UMC - WI, North East District | G53: =IF(Data!B38="","—",Data!B38) -> Rev. M. Park Hunter | H53: =IF(Data!A36="","—",Data!A36) -> UCC-WI, Northern Region | I53: =IF(Data!B36="","—",Data!B36) -> vacant
B54: Portage | C54: =COUNTIF(Data!BB2:BB61,"x") -> 5 | D54: =IF(Data!A15="","—",Data!A15) -> ELCA East-Central Synod | E54: =IF(Data!B15="","—",Data!B15) -> Bishop Anne Edison Albright | F54: =IF(Data!A33="","—",Data!A33) -> Roman Catholic Diocese of LaCrosse | G54: =IF(Data!B33="","—",Data!B33) -> Bishop Battersby | H54: =IF(Data!A30="","—",Data!A30) -> PC(USA), Winnebago Presbytery | I54: =IF(Data!B30="","—",Data!B30) -> Rev. Dave Colby
B55: Price | C55: =COUNTIF(Data!BC2:BC61,"x") -> 6 | D55: =IF(Data!A19="","—",Data!A19) -> ELCA Northwest Synod | E55: =IF(Data!B19="","—",Data!B19) -> Bishop Martin Halom | F55: =IF(Data!A29="","—",Data!A29) -> PC(USA), Northern Waters Presbytery | G55: =IF(Data!B29="","—",Data!B29) -> Rev. Richard Blood | H55: =IF(Data!A38="","—",Data!A38) -> UMC - WI, North East District | I55: =IF(Data!B38="","—",Data!B38) -> Rev. M. Park Hunter
B56: Racine | C56: =COUNTIF(Data!BD2:BD61,"x") -> 12 | D56: =IF(Data!A16="","—",Data!A16) -> ELCA Greater Milwaukee Synod | E56: =IF(Data!B16="","—",Data!B16) -> Bishop Paul Erickson | F56: =IF(Data!A31="","—",Data!A31) -> Roman Catholic Archdiocese of Milwaukee | G56: =IF(Data!B31="","—",Data!B31) -> Archbishop Grob | H56: =IF(Data!A2="","—",Data!A2) -> African Methodist Episcopal Church, 4th District | I56: =IF(Data!B2="","—",Data!B2) -> Presiding Elder James Miller
B57: Richland | C57: =COUNTIF(Data!BE2:BE61,"x") -> 11 | D57: =IF(Data!A20="","—",Data!A20) -> ELCA South-Central Synod | E57: =IF(Data!B20="","—",Data!B20) -> Bishop Joy Mortensen-Weibe | F57: =IF(Data!A33="","—",Data!A33) -> Roman Catholic Diocese of LaCrosse | G57: =IF(Data!B33="","—",Data!B33) -> Bishop Battersby | H57: =IF(Data!A2="","—",Data!A2) -> African Methodist Episcopal Church, 4th District | I57: =IF(Data!B2="","—",Data!B2) -> Presiding Elder James Miller
B58: Rock | C58: =COUNTIF(Data!BF2:BF61,"x") -> 12 | D58: =IF(Data!A20="","—",Data!A20) -> ELCA South-Central Synod | E58: =IF(Data!B20="","—",Data!B20) -> Bishop Joy Mortensen-Weibe | F58: =IF(Data!A2="","—",Data!A2) -> African Methodist Episcopal Church, 4th District | G58: =IF(Data!B2="","—",Data!B2) -> Presiding Elder James Miller | H58: =IF(Data!A3="","—",Data!A3) -> American Baptist Churches of Wisconsin | I58: =IF(Data!B3="","—",Data!B3) -> Rev. Mindi Welton-Mitchell
B59: Rusk | C59: =COUNTIF(Data!BG2:BG61,"x") -> 6 | D59: =IF(Data!A19="","—",Data!A19) -> ELCA Northwest Synod | E59: =IF(Data!B19="","—",Data!B19) -> Bishop Martin Halom | F59: =IF(Data!A29="","—",Data!A29) -> PC(USA), Northern Waters Presbytery | G59: =IF(Data!B29="","—",Data!B29) -> Rev. Richard Blood | H59: =IF(Data!A38="","—",Data!A38) -> UMC - WI, North East District | I59: =IF(Data!B38="","—",Data!B38) -> Rev. M. Park Hunter
B60: Sauk | C60: =COUNTIF(Data!BH2:BH61,"x") -> 10 | D60: =IF(Data!A20="","—",Data!A20) -> ELCA South-Central Synod | E60: =IF(Data!B20="","—",Data!B20) -> Bishop Joy Mortensen-Weibe | F60: =IF(Data!A2="","—",Data!A2) -> African Methodist Episcopal Church, 4th District | G60: =IF(Data!B2="","—",Data!B2) -> Presiding Elder James Miller | H60: =IF(Data!A3="","—",Data!A3) -> American Baptist Churches of Wisconsin | I60: =IF(Data!B3="","—",Data!B3) -> Rev. Mindi Welton-Mitchell
B61: Sawyer | C61: =COUNTIF(Data!BI2:BI61,"x") -> 5 | D61: =IF(Data!A29="","—",Data!A29) -> PC(USA), Northern Waters Presbytery | E61: =IF(Data!B29="","—",Data!B29) -> Rev. Richard Blood | F61: =IF(Data!A38="","—",Data!A38) -> UMC - WI, North East District | G61: =IF(Data!B38="","—",Data!B38) -> Rev. M. Park Hunter | H61: =IF(Data!A36="","—",Data!A36) -> UCC-WI, Northern Region | I61: =IF(Data!B36="","—",Data!B36) -> vacant
B62: Shawano | C62: =COUNTIF(Data!BJ2:BJ61,"x") -> 5 | D62: =IF(Data!A15="","—",Data!A15) -> ELCA East-Central Synod | E62: =IF(Data!B15="","—",Data!B15) -> Bishop Anne Edison Albright | F62: =IF(Data!A32="","—",Data!A32) -> Roman Catholic Diocese of Green Bay | G62: =IF(Data!B32="","—",Data!B32) -> Bishop Ricken | H62: =IF(Data!A30="","—",Data!A30) -> PC(USA), Winnebago Presbytery | I62: =IF(Data!B30="","—",Data!B30) -> Rev. Dave Colby
B63: Sheboygan | C63: =COUNTIF(Data!BK2:BK61,"x") -> 9 | D63: =IF(Data!A16="","—",Data!A16) -> ELCA Greater Milwaukee Synod | E63: =IF(Data!B16="","—",Data!B16) -> Bishop Paul Erickson | F63: =IF(Data!A31="","—",Data!A31) -> Roman Catholic Archdiocese of Milwaukee | G63: =IF(Data!B31="","—",Data!B31) -> Archbishop Grob | H63: =IF(Data!A2="","—",Data!A2) -> African Methodist Episcopal Church, 4th District | I63: =IF(Data!B2="","—",Data!B2) -> Presiding Elder James Miller
B64: St. Croix | C64: =COUNTIF(Data!BL2:BL61,"x") -> 6 | D64: =IF(Data!A19="","—",Data!A19) -> ELCA Northwest Synod | E64: =IF(Data!B19="","—",Data!B19) -> Bishop Martin Halom | F64: =IF(Data!A29="","—",Data!A29) -> PC(USA), Northern Waters Presbytery | G64: =IF(Data!B29="","—",Data!B29) -> Rev. Richard Blood | H64: =IF(Data!A38="","—",Data!A38) -> UMC - WI, North East District | I64: =IF(Data!B38="","—",Data!B38) -> Rev. M. Park Hunter
B65: Taylor | C65: =COUNTIF(Data!BM2:BM61,"x") -> 6 | D65: =IF(Data!A19="","—",Data!A19) -> ELCA Northwest Synod | E65: =IF(Data!B19="","—",Data!B19) -> Bishop Martin Halom | F65: =IF(Data!A29="","—",Data!A29) -> PC(USA), Northern Waters Presbytery | G65: =IF(Data!B29="","—",Data!B29) -> Rev. Richard Blood | H65: =IF(Data!A38="","—",Data!A38) -> UMC - WI, North East District | I65: =IF(Data!B38="","—",Data!B38) -> Rev. M. Park Hunter
B66: Trempealeau | C66: =COUNTIF(Data!BN2:BN61,"x") -> 8 | D66: =IF(Data!A17="","—",Data!A17) -> ELCA LaCrosse Area Synod | E66: =IF(Data!B17="","—",Data!B17) -> Bishop Felix Malpica | F66: =IF(Data!A19="","—",Data!A19) -> ELCA Northwest Synod | G66: =IF(Data!B19="","—",Data!B19) -> Bishop Martin Halom | H66: =IF(Data!A33="","—",Data!A33) -> Roman Catholic Diocese of LaCrosse | I66: =IF(Data!B33="","—",Data!B33) -> Bishop Battersby
B67: Vernon | C67: =COUNTIF(Data!BO2:BO61,"x") -> 6 | D67: =IF(Data!A17="","—",Data!A17) -> ELCA LaCrosse Area Synod | E67: =IF(Data!B17="","—",Data!B17) -> Bishop Felix Malpica | F67: =IF(Data!A33="","—",Data!A33) -> Roman Catholic Diocese of LaCrosse | G67: =IF(Data!B33="","—",Data!B33) -> Bishop Battersby | H67: =IF(Data!A27="","—",Data!A27) -> PC(USA), John Knox Presbytery | I67: =IF(Data!B27="","—",Data!B27) -> Rev. Devon Reynolds
B68: Vilas | C68: =COUNTIF(Data!BP2:BP61,"x") -> 3 | D68: =IF(Data!A29="","—",Data!A29) -> PC(USA), Northern Waters Presbytery | E68: =IF(Data!B29="","—",Data!B29) -> Rev. Richard Blood | F68: =IF(Data!A36="","—",Data!A36) -> UCC-WI, Northern Region | G68: =IF(Data!B36="","—",Data!B36) -> vacant | H68: — | I68: —
B69: Walworth | C69: =COUNTIF(Data!BQ2:BQ61,"x") -> 11 | D69: =IF(Data!A20="","—",Data!A20) -> ELCA South-Central Synod | E69: =IF(Data!B20="","—",Data!B20) -> Bishop Joy Mortensen-Weibe | F69: =IF(Data!A31="","—",Data!A31) -> Roman Catholic Archdiocese of Milwaukee | G69: =IF(Data!B31="","—",Data!B31) -> Archbishop Grob | H69: =IF(Data!A2="","—",Data!A2) -> African Methodist Episcopal Church, 4th District | I69: =IF(Data!B2="","—",Data!B2) -> Presiding Elder James Miller
B70: Washburn | C70: =COUNTIF(Data!BR2:BR61,"x") -> 5 | D70: =IF(Data!A29="","—",Data!A29) -> PC(USA), Northern Waters Presbytery | E70: =IF(Data!B29="","—",Data!B29) -> Rev. Richard Blood | F70: =IF(Data!A38="","—",Data!A38) -> UMC - WI, North East District | G70: =IF(Data!B38="","—",Data!B38) -> Rev. M. Park Hunter | H70: =IF(Data!A36="","—",Data!A36) -> UCC-WI, Northern Region | I70: =IF(Data!B36="","—",Data!B36) -> vacant
B71: Washington | C71: =COUNTIF(Data!BS2:BS61,"x") -> 14 | D71: =IF(Data!A19="","—",Data!A19) -> ELCA Northwest Synod | E71: =IF(Data!B19="","—",Data!B19) -> Bishop Martin Halom | F71: =IF(Data!A31="","—",Data!A31) -> Roman Catholic Archdiocese of Milwaukee | G71: =IF(Data!B31="","—",Data!B31) -> Archbishop Grob | H71: =IF(Data!A2="","—",Data!A2) -> African Methodist Episcopal Church, 4th District | I71: =IF(Data!B2="","—",Data!B2) -> Presiding Elder James Miller
B72: Waukesha | C72: =COUNTIF(Data!BT2:BT61,"x") -> 7 | D72: =IF(Data!A16="","—",Data!A16) -> ELCA Greater Milwaukee Synod | E72: =IF(Data!B16="","—",Data!B16) -> Bishop Paul Erickson | F72: =IF(Data!A31="","—",Data!A31) -> Roman Catholic Archdiocese of Milwaukee | G72: =IF(Data!B31="","—",Data!B31) -> Archbishop Grob | H72: =IF(Data!A28="","—",Data!A28) -> PC(USA), Milwaukee Presbytery | I72: =IF(Data!B28="","—",Data!B28) -> Rev. Christian Boyd, Ann Gibbs
B73: Waupaca | C73: =COUNTIF(Data!BU2:BU61,"x") -> 5 | D73: =IF(Data!A15="","—",Data!A15) -> ELCA East-Central Synod | E73: =IF(Data!B15="","—",Data!B15) -> Bishop Anne Edison Albright | F73: =IF(Data!A32="","—",Data!A32) -> Roman Catholic Diocese of Green Bay | G73: =IF(Data!B32="","—",Data!B32) -> Bishop Ricken | H73: =IF(Data!A30="","—",Data!A30) -> PC(USA), Winnebago Presbytery | I73: =IF(Data!B30="","—",Data!B30) -> Rev. Dave Colby
B74: Waushara | C74: =COUNTIF(Data!BV2:BV61,"x") -> 6 | D74: =IF(Data!A15="","—",Data!A15) -> ELCA East-Central Synod | E74: =IF(Data!B15="","—",Data!B15) -> Bishop Anne Edison Albright | F74: =IF(Data!A32="","—",Data!A32) -> Roman Catholic Diocese of Green Bay | G74: =IF(Data!B32="","—",Data!B32) -> Bishop Ricken | H74: =IF(Data!A30="","—",Data!A30) -> PC(USA), Winnebago Presbytery | I74: =IF(Data!B30="","—",Data!B30) -> Rev. Dave Colby
B75: Winnebago | C75: =COUNTIF(Data!BW2:BW61,"x") -> 6 | D75: =IF(Data!A15="","—",Data!A15) -> ELCA East-Central Synod | E75: =IF(Data!B15="","—",Data!B15) -> Bishop Anne Edison Albright | F75: =IF(Data!A32="","—",Data!A32) -> Roman Catholic Diocese of Green Bay | G75: =IF(Data!B32="","—",Data!B32) -> Bishop Ricken | H75: =IF(Data!A14="","—",Data!A14) -> Ecumenical Catholic Communion | I75: =IF(Data!B14="","—",Data!B14) -> Rev. Mimi Maki
B76: Wood | C76: =COUNTIF(Data!BX2:BX61,"x") -> 6 | D76: =IF(Data!A15="","—",Data!A15) -> ELCA East-Central Synod | E76: =IF(Data!B15="","—",Data!B15) -> Bishop Anne Edison Albright | F76: =IF(Data!A19="","—",Data!A19) -> ELCA Northwest Synod | G76: =IF(Data!B19="","—",Data!B19) -> Bishop Martin Halom | H76: =IF(Data!A33="","—",Data!A33) -> Roman Catholic Diocese of LaCrosse | I76: =IF(Data!B33="","—",Data!B33) -> Bishop Battersby

Sheet Judicatory Profiles
B2: Judicatory Profiles | Auto-updates from DATA tab — add new members in DATA sheet
B4: Judicatory Name | C4: Leader / Contact | D4: ALL? | E4: # Counties | F4: Counties with Active Presence
B5: =IF(Data!A2<>"",Data!A2,"") -> African Methodist Episcopal Church, 4th District | C5: =IF(Data!A2<>"",Data!B2,"") -> Presiding Elder James Miller | D5: =IF(Data!A2<>"",Data!C2,"") -> ALL | E5: =IF(Data!A2<>"",Data!D2,"") -> 19 | F5: Columbia, Crawford, Dane, Dodge, Grant, Green, Iowa, Jefferson, Kenosha, Lafayette, Milwaukee, Ozaukee, Racine, Richland, Rock, Sauk, Sheboygan, Walworth, Washington
B6: =IF(Data!A3<>"",Data!A3,"") -> American Baptist Churches of Wisconsin | C6: =IF(Data!A3<>"",Data!B3,"") -> Rev. Mindi Welton-Mitchell | D6: =IF(Data!A3<>"",Data!C3,"") -> ALL | E6: =IF(Data!A3<>"",Data!D3,"") -> 19 | F6: Columbia, Crawford, Dane, Dodge, Grant, Green, Iowa, Jefferson, Kenosha, Lafayette, Milwaukee, Ozaukee, Racine, Richland, Rock, Sauk, Sheboygan, Walworth, Washington
B7: =IF(Data!A4<>"",Data!A4,"") -> Armenian Orthodox Church, Eastern Diocese | C7: =IF(Data!A4<>"",Data!B4,"") -> Father Yeprem Kelegian | D7: =IF(Data!A4<>"",Data!C4,"") -> ALL | E7: =IF(Data!A4<>"",Data!D4,"") -> 3 | F7: Green, Milwaukee, Racine
B8: =IF(Data!A5<>"",Data!A5,"") -> Christian Church (Disciples of Christ) in Illinois and Wisconsin | C8: =IF(Data!A5<>"",Data!B5,"") -> Rev. Eli Rolon-Jeong | D8: =IF(Data!A5<>"",Data!C5,"") -> ALL | E8: =IF(Data!A5<>"",Data!D5,"") -> 1 | F8: Milwaukee
B9: =IF(Data!A6<>"",Data!A6,"") -> Christian Methodist Episcopal Church, Third Episcopal District | C9: =IF(Data!A6<>"",Data!B6,"") -> Elder Tiggs Washington | D9: =IF(Data!A6<>"",Data!C6,"") -> ALL | E9: =IF(Data!A6<>"",Data!D6,"") -> 2 | F9: Milwaukee, Rock
